key,valeur
site_name,Flutter Multi Restaurant
setting_label,Réglage
lbl_search_shop,Recherche Boutique
status_label,transactions Statut
trans_detail,Détail de la transaction
shops_unpublish_list_label,Liste non publiées Boutique
btn_create_new_shop,Créer un nouveau boutique
btn_shop_list,Liste Dépublier Boutique
btn_push_notification,Notification push
btn_system_user,utilisateur système
btn_export_database,Base de données d'exportation
btn_about_app,À propos App
address_label,Adresse
lbl_about_shop,À propos de Boutique
lbl_categories,Catégories
user_email,Email
user_password,Mot de passe
sign_in,Se connecter
total_users_count_label,Nombre total d'utilisateurs
total_cat_count_label,Catégories totales
total_wallpaper_count_label,Fonds d'écran totaux
total_contact_label,Nombre total de messages de contact
btn_search,Chercher
back_shop_list,Retour Boutique Liste
err_image_missing,Aucun fichier téléchargé
about_info,A propos de l'information
allowed_modules,Module permis
shop_name,Nom de la boutique
add_more_color,Ajouter plus de couleur
color_code,Couleur produit
product_title,Titre
product_desc,La description
add_more_spec,Ajouter Plus Spécification
prd_specification,Spécification de produit
product_name_count,Nombre Nom du produit
select_multiple_images,S'il vous plaît sélectionner plusieurs images du produit.
noti_add,Ajouter Notis
prd_unit,Unité produit
prd_measurement,mesure du produit
noti_search,Recherche Noti
error_login,Vos informations de connexion sont erronées. Veuillez réessayer.
profile_img,Photo de profil
cat_add,Ajouter des catégories
wrn_no_data,Il n'y a pas encore de données
cat_name,Nom de catégorie
cat_img,catégorie photo
cat_info,Informations Catégorie
cat_ordering,commande
cat_edit,Modifier la catégorie
success_cat_add,Catégorie a été ajouté avec succès
success_cat_edit,Catégorie a été mis à jour avec succès
success_upload,L'image a été mis à jour avec succès
delete_cat_label,Supprimer la catégorie?
cat_yes_all_message,"Lorsque supprimer cette catégorie, il supprimera toutes les sous-catégories connexes et produits également. Alors, voulez-vous toujours de le supprimer?"
success_cat_delete,Catégorie a été supprimé
cat_search,Rechercher Catégorie
cat_icon,Icône de catégorie
btn_replace_icon,remplacer Icône
upload_icon,Télécharger Icône
about_upload_icon,Télécharger Icône
fav_upload_icon,Icône fav
sidebar_upload_icon,Logo barre latérale
btn_upload,Télécharger
err_cat_name,S'il vous plaît fournir le nom de la catégorie
err_cat_len,La longueur de la catégorie Le nom doit être supérieure à 4
err_cat_exist,Nom de la catégorie est déjà existé dans le système
subcat_info,Informations Sous Catégorie
subcat_name,Nom Sous Catégorie
subcat_ordering,Ordre Sous Catégorie
subcat_img,Photo Sous Catégorie
subcat_icon,Sous-catégorie Icône
subcat_search,Recherche Sous catégorie
subcat_add,Ajouter Sous catégorie
subcat_edit,Modifier Sous catégorie
success_subcat_edit,Sous-catégorie a été mis à jour avec succès
success_subcat_add,Sous-catégorie a été ajouté avec succès
success_subcat_delete,Sous-catégorie a été supprimé
err_subcat_name,S'il vous plaît fournir le nom sous catégorie
err_subcat_len,La longueur de la Sous-catégorie Nom doit être supérieure à 4
err_subcat_exist,Nom Sous catégorie est déjà existé dans le système
delete_subcat_label,Supprimer Sous catégorie?
subcat_delete_confirm_message,Voulez-vous vraiment supprimer cette sous-catégorie?
subcat_yes_all_message,"Lorsque supprimer cette sous catégorie, il supprimera tous les produits également. Alors, voulez-vous toujours de le supprimer?"
subcat_no_only_message,<B> Sous catégorie uniquement </ b> - Seul Sous catégorie supprimera du système.
subcat_yes_all_label,Oui tout
subcat_no_only_label,Seulement Sous catégorie
select_subcat,Sélectionnez Sous catégorie
select_cat,Choisir une catégorie
subcat_panel_title,Liste Sous-catégorie
Prd_search_cat,Sélectionnez Nom de la catégorie
btn_reset,Réinitialiser
btn_yes,Oui
upload_photo,Envoyer la photo
upload_button,Télécharger
replace_photo_button,Remplacer Photo de couverture
photo_desc_label,description photo
del_cover_photo,Supprimer Photo de couverture
del_cover_photo_confirm,Etes-vous sûr de vouloir supprimer la photo?
del_icon_label,Supprimer l'icône
del_icon_confirm,Etes-vous sûr de vouloir supprimer l'icône?
status,Statut (Is Publier?)
dis_name,Nom Discount
dis_add,Ajouter des Réductions
dis_percent,Pour cent de réduction (en%)
choose_prd_label,Choisissez nourriture
dis_info,Informations Discount
dis_photo,Remise photo
prd_name,Nom du produit
prd_code,Code
product_price,Prix($)
dis_add,Ajouter des Réductions
success_dis_add,Réductions a été ajouté avec succès
success_dis_edit,Réductions a été mis à jour avec succès
delete_dis_label,Réductions Supprimer?
dis_delete_confirm_message,Etes-vous sûr de supprimer ce rabais?
dis_edit,Réductions Modifier
err_dis_name,S'il vous plaît fournir le nom Discount
err_dis_percent,S'il vous plaît fournir pour cent de réduction
err_dis_len,La longueur du nom Discount doit être supérieure à 4
err_dis_exist,Nom escompte est déjà existé dans le système
success_dis_delete,Réductions a été supprimé avec succès
discount_photo,Remise photo
dis_search,Recherche Remise
feed_add,Ajouter de nouveaux flux
feed_info,Informations de nouveaux flux
feed_name,Nom du fil
feed_desc,description de l'alimentation
feed_edit,Modifier les aliments du bétail
success_feed_add,De nouveaux flux a été ajouté avec succès
success_feed_edit,Les nouveaux aliments du bétail a été mis à jour avec succès
err_dup_name,Le nom est déjà existé dans le système
err_feed_exist,Nom d'alimentation est déjà existé dans le système
delete_feed_label,Supprimer de nouveaux flux?
feed_delete_confirm_message,Etes-vous sûr de supprimer cette nouvelles RSS?
success_feed_delete,Nouveaux flux a été supprimé avec succès
f_item_cat_required,S'il vous plaît Choisir Nom de la catégorie
err_feed_len,La longueur du fourrage Le nom doit être supérieur à 4
err_feed_name,S'il vous plaît fournir le nom d'alimentation
feed_search,feed Recherche
feed_gallery,Galerie d'alimentation
list_product_nav,Produit
prd_add,Ajouter de la nourriture
att_add,Ajouter un nouvel en-tête personnalisé
add_att_detail,Ajouter un nouveau détail personnalisé
list_attribute_header,En-tête personnalisé Liste
wrn_no_data,Il n'y a pas encore de données
product_name,Nom du produit
att_name,En-tête personnalisé Nom
Prd_search_subcat,Sélectionnez Sous Nom de la catégorie
Prd_search_dis,Sélectionner le type Discount
product_gallery,Galerie de produits
prd_info,Information produit
rec_prd_info,Produits récemment ajoutés
att_info,Informations sur mesure
prd_desc,Description du produit
prd_high_info,Informations Faits saillants du produit
prd_edit,Modifier le produit
prd_code,Code produit
success_prd_add,Le produit a été ajouté avec succès
success_prd_edit,Le produit a été mis à jour avec succès
success_upload,L'image a été mis à jour avec succès
delete_prd_label,Supprimer produit?
prd_yes_all_message,"Lorsque supprimer ce produit, il supprimera également toutes les sous-catégories connexes et catégorie. Alors, voulez-vous toujours de le supprimer?"
success_prd_delete,Le produit a été supprimé avec succès
prd_search,Recherche de produits
btn_save_prd_att,Économisez et allez à la nourriture personnalisée
btn_att_list,Liste personnalisée
btn_save_gallery,Ajouter Détail personnalisé
unit_price,Prix ​​unitaire
search_tag,Recherche Tag / mots-clés
f_item_subcat_required,S'il vous plaît Sélectionner Nom Sous Catégorie
f_item_discount_required,S'il vous plaît Choisir Nom de la catégorie
err_Prd_name,S'il vous plaît fournir le nom du produit
err_Prd_len,La longueur du nom du produit doit être supérieur à 4
err_Prd_exist,Nom du produit est déjà existé dans le système
is_discount,Discount est?
is_featured,Est en vedette?
is_available,Est disponible?
order_by,Commandé par
select_order,Sélectionnez votre commande
from_price,de Prix
to_price,À prix
shipping_cost,Frais de port
minimum_order,Commande minimum
original_price,Prix ​​d'origine
err_access,"Désolé, vous n'avez pas accès à prendre cette mesure"
err_model,erreur de base de données est survenue
err_sys,Erreur système est survenue
btn_edit,Éditer
btn_update,Mise à jour
btn_delete,Supprimer
btn_publish,Publier
no,Non
btn_save,sauvegarder
btn_cancel,Annuler
btn_replace_photo,remplacer photo
Remove,Retirer
success_img_delete,L'image a été supprimé
trans_date_label,Date
success_user_add,L'utilisateur du système a été ajouté avec succès
success_user_edit,L'utilisateur du système a été mis à jour avec succès
need_to_verify,Votre besoin de messagerie pour vérifier avec le code de vérification. S'il vous plaît regarder votre e-mail enregistrée.
count_detail,Comtes de détail
add_att_detail,Ajouter Détail personnalisé
detail_label,Modifier personnalisé
att_edit,Personnalisé a été ajouté avec succès
success_att_add,Personnalisé a été mis à jour avec succès
success_att_edit,Supprimer personnalisée?
delete_att_label,"Lorsque supprimer cet en-tête personnalisé, il supprimera tous les détails personnalisés aussi liés. Alors, voulez-vous toujours de le supprimer?"
att_yes_all_message,Personnalisé a été supprimé
success_att_delete,Voulez-vous supprimer tous les éléments de ces personnalisés ensemble?
att_delete_confirm_message,Recherche personnalisée
att_search,Détails de la recherche personnalisée
att_detail_search,Prix ​​sur mesure
att_price,Détail Liste personnalisée
list_attribute_detail,Liste d'attributs de détail
selected_product_name,Nom du produit sélectionné
selected_attribute_header,Nom sélectionné en-tête personnalisé
att_detail_name,Nom Détail personnalisé
attribute_detail_extra_price,"(Si votre prix supplémentaire de charge sur mesure, s'il vous plaît fournir seulement SUPPLÉMENT Il ajoutera au prix de l'alimentation comme automatically.It pas l'emporter sur le prix de l'article Il suffit d'ajouter que le prix supplémentaire Par exemple,... Price_total = Food_price + customized_additional_pirce)"
success_attdetail_edit,Détail personnalisé a été mis à jour avec succès
success_attdetail_add,Détail personnalisé a été ajouté avec succès
attdetail_edit,Mise à jour personnalisée Informations détaillées
success_attdetail_delete,Détail personnalisé a été supprimé
att_no_only_message,Seulement sur mesure - Seulement Détail sur mesure effacera du système.
delete_attdetail_label,Supprimer détail sur mesure?
err_att_name,S'il vous plaît fournir le nom personnalisé
err_att_len,La longueur du nom personnalisé doit être supérieure à 4
err_att_exist,Nom personnalisé est déjà existé dans le système
att_detail_info,Informations détaillées sur mesure
err_detail_name,S'il vous plaît fournir nom d'attribut Détail
err_detail_len,La longueur de l'attribut Détail Nom doit être supérieur à 4
err_detail_exist,Nom d'attribut de détail est déjà existé dans le système
collect_search,Chercher
collect_photo,collection de photos
collect_name,collection Nom
collect_status,Statut collection
collect_info,collecte
collect_ordering,collection ordre
collect_img,collection de photos
collect_search,Recherche Collection
collect_add,Ajouter Collection
collect_edit,Modifier la collection
success_collect_edit,Collection a été mis à jour avec succès
success_collect_add,Collection a été ajouté avec succès
success_collect_delete,Collection a été supprimé
err_collect_name,S'il vous plaît fournir le nom Collection
err_collect_len,La longueur de la collection Le nom doit être supérieure à 4
err_collect_exist,Nom de la collection est déjà existé dans le système
delete_collect_label,Supprimer la collection?
collect_delete_confirm_message,Êtes-vous sûr de vouloir supprimer cette collection?
collect_yes_all_message,Oui Tout - Collection et articles effacera du système.
collect_no_only_message,Seulement Collection - Seule Collection supprimera du système.
collect_yes_all_label,Oui tout
collect_no_only_label,Collection seulement
please_select_product,Choisissez un produit
api_info,Réglage api
api_order_by,Commandé par
api_count,api Count
success_api_edit,Réglage de l'API a été mis à jour avec succès
comm_user,Utilisateurs
comm_desc,Description Commentaire
comm_date,Date
write_reply,Ecrire une réponse de commentaire
btn_reply,Répondre
reply_cmt,commentaire Répondre
comm_search,Chercher
comment_header,commentaires
date,Date
reply,Répondre
like_product_name,Nom du produit
like_user_name,Nom d'utilisateur
fav_product_name,Nom du produit
fav_user_name,Nom d'utilisateur
trans_total_amount,Montant total
trans_discount_amount,Montant de la remise
trans_balance_amount,Montant du solde
trans_billing_address,Adresse de facturation
trans_delivery_address,Adresse de livraison
btn_update,Mise à jour
trans_search,Transactions de recherche
btn_update,Mise à jour
Prd_qty,Quantité
Prd_dis,Remise(%)
Prd_amt,Montant
Prd_dis_price,Prix ​​bas
trans_status,Transactions Statut:
success_trans_edit,Transactions Statut a été mis à jour avec succès
Prd_name,Nom du produit
Prd_price,Prix ​​du produit
popular_cat_name,Nom de la catégorie populaire
popular_cat_img,Catégorie populaires Photo
view,Vue
popular_cat_search,Rechercher Catégorie populaire
popular_cat_view,Catégorie les plus populaires
popular_cat_info,Informations Catégorie populaires
popular_cat_icon,Catégorie populaires Icône
popular_prd_name,Populaire Nom du produit
popular_prd_code,Code produit populaire
popular_prd_price,Populaire Prix produit
popular_prd_search,Recherche populaire Produit
popular_prd_view,Les plus populaires Produit
popular_prd_info,Populaire Information sur le produit
popular_subcat_name,Populaire Sous Nom de la catégorie
popular_prd_desc,Populaire Description du produit
popular_prd_keyword,Mots-clés populaires produit
popular_prd_highlight,Populaire Faits saillants du produit
purchased_cat_name,Acheté Nom de la catégorie
purchased_cat_img,Acheté Catégorie photo
purchased_cat_view,Les plus achetés Catégorie
purchased_cat_info,Acheté Information Catégorie
purchased_cat_icon,Acheté Icône de catégorie
purchased_cat_search,Rechercher Catégorie achetée
purchased_prd_name,Nom du produit acheté
purchased_prd_code,Code produit acheté
purchased_prd_price,Prix ​​de produit achetés
purchased_prd_view,La plupart Produit acheté
purchased_prd_search,Recherche produit acheté
purchased_subcat_name,Sous acheté Nom de la catégorie
purchased_prd_desc,Acheté Description du produit
purchased_prd_keyword,Mots-clés achetés ce produit
purchased_prd_info,Acheté Information produit
purchased_prd_highlight,Acheté Faits saillants du produit
total_revenue,Transactions mensuelles
performance_label,Statistiques
comment_label,Commentaire
prd_label,produits Nombre
cat_label,Catégories Nombre
subcat_label,Sous-comte
dis_label,Remise
collect_label,Collection
view_all_label,Voir tout
transaction_table,Tableau transaction
name_label,Nom
description_label,La description
phone_label,Téléphone 1 (par défaut)
contact_email_label,Email du contact
shop_cover_photo_label,Boutique Cover Photos
shop_image_recommended_size,(Taille recommandée: 600 × 400)
find_location_label,Entrez et trouver l'emplacement de l'API Google
shop_lat_label,Latitude
shop_lng_label,Longitude
success_shop_add,Shop a été ajouté avec succès
success_shop_edit,Shop a été mis à jour avec succès
delete_shop_label,Supprimer Shop?
shop_info,magasin d'information
delete_shop_confirm_message,Etes-vous sûr de vouloir supprimer la boutique car il supprimer?
phone_label2,téléphone 2
phone_label3,téléphone 3
address_label1,Adresse 1
address_label2,Adresse 2
address_label3,adresse 3
shop_icon_photo_label,Boutique Photos Icône
shop_image_recommended_size_icon,(Taille recommandée: 256 × 256)
about_mess_label,Messager
about_chart_section,chat information
stripe_label,[Option 1]: Paiement à rayures
stripe_publishable_key,publiable clé
stripe_secret_key,Clef secrète
stripe_enable_label,Est-il activé paiement Stripe?
stripe_enable_label,Est-il activé paiement Stripe?
paypal_label,[Option 2]: Paiement avec Paypal activé
paypal_env_label,Paypal Environnement
paypal_merchant_label,Paypal ID Merchant
paypal_pub_label,Paypal clé publique
paypal_pri_label,Paypal clé privée
paypal_enabled_label,Paypal est activé?
bank_transfer_label,[Option 3]: Paiement par Virement bancaire
bank_account_label,Compte bancaire
bank_name_label,Nom de banque
bank_code_label,Code bancaire
branch_code_label,code de la Direction générale
swift_code_label,Code rapide
bank_enable_label,Est activé Virement bancaire?
cod_label,[Option 4]: Paiement avec paiement à la livraison
cod_email_label,E-mail de confirmation COD
cod_enable_label,Est activé Paiement à la livraison?
currency_symbol_label,Symbole monétaire (par exemple; $)
currency_form_label,Formulaire monétaire court (par exemple; USD)
sender_email_label,Sender compte de messagerie (SMTP)
btn_add_new,Ajouter les nouveaux utilisateurs
user_name,Nom d'utilisateur
user_edit,Modifier l'utilisateur
user_info,informations de l'utilisateur
user_add,Ajouter des utilisateurs
role_label,Rôle d'utilisateur
conf_password,Confirmez le mot de passe
select_shop_label,"Si l'utilisateur est « Boutique Admin », s'il vous plaît sélectionner « Shop » pour assign"
contact_name,Nom du contact
contact_email,Email du contact
success_contacts_delete,Le contact a été supprimé
delete_contact_label,Supprimer des contacts?
contact_delete_confirm_message,Etes-vous sûr de supprimer ce Contacts?
contact_info_label,Coordonnées Détail
contact_phone,Contact Téléphone
about_contact_label,A propos de Contact Message
lbl_view,Vue
back_button,Retour
contact_receive_message,Vous avez reçu un nouveau message de contact nous.
rating_product_name,Nom du produit
rating_user_name,Nom d'utilisateur
rating_value,Note Valeur
rating_title,Titre
pending_count,Commande en cours
delivery_count,Bon de livraison
completed_count,commande terminée
order_count,total de la commande
shipping_method_label,Sélectionnez le mode de livraison par défaut
shipping_method,Par défaut Mode de livraison
shop_tags,boutique Mots-clés
overall_tax_label,Fiscale globale (de%)
shipping_tax_label,Expédition Taxes (%)
whapsapp_no_label,WhatsApp Nombre
refund_policy_label,Politique de remboursement
privacy_policy_label,Politique de confidentialité
privacypolicy,termes et conditions
app_info_lable,A propos de l'information
about_title_label,A propos de Titre
description_label,description À propos
about_email_label,A propos Email
about_phone_label,A propos du téléphone
about_website_label,À propos du site Lien
about_seo_section,Informations SEO
about_seo_title_label,Titre SEO
about_seo_desc_label,description de SEO
about_seo_keywords_label,Mots-clés SEO
about_social_section,Informations sociales
about_facebook_label,Facebook
about_gplus_label,Google+
about_instagram_label,Instagram
about_youtube_label,Youtube
about_pinterest_label,Pinterest
about_twitter_label,Twitter
about_color_section,À propos du site Thème Couleur
about_theme,Thèmes disponibles
success_about_edit,À propos est mis à jour avec succès
about_ads_analyt,Google Analytics et annonces Réglage
about_ads_client,annonces client
about_ads_slot,annonces Logement
about_analyt_track_id,Analytique Track ID
about_ads_on,Activer Google Adsense
about_analyt_on,Activer Google Analytics
about_img,A propos Photo de couverture
about_nav_icon,Icône de navigation
about_fav_icon,Icône fav
about_backend_icon,pour Backend
total_label,Total :
device_label,Dispositif
devices_label,Dispositifs
registered_label,a été enregistré pour la notification Push
noti_info,Notification push
noti_message_label,Message
noti_message_tooltips,S'il vous plaît fournir le messsage de notification push.
noti_send_btn,Envoyer une notification Push
sorry_no_device,"Désolé, il n'y a pas de périphérique enregistré pour la notification Push."
select_cat,Choisir une catégorie
success_noti_add,La notification a été ajouté avec succès
success_noti_delete,La notification a été supprimé
delete_noti_label,Supprimer la notification?
noti_yes_message,La notification oui- supprimera du système.
push_message,message Push
noti_des_label,La description
noti_img,notification photo
coupon_code_message,Code du coupon doit être d'au moins 4. Par exemple; ACE1
coupon_amount_message,"Le montant de la remise du coupon doit être comme 10, 20, 30 .. Ce n'est pas un pourcentage."
coupon_add,Ajouter coupon
coupon_info,Informations Coupon
coupon_name,Nom de coupon
coupon_code,Code du coupon
coupon_amount,Montant du coupon
coupon_edit,Modifier le coupon
coupon_search,Recherche Coupon
success_coupon_add,Coupon a été ajouté avec succès
success_coupon_edit,Coupon a été mis à jour avec succès
success_coupon_delete,Coupon a été supprimé
delete_coupon_label,Coupon de suppression?
coupon_delete_confirm_message,Etes-vous sûr de supprimer ce coupon?
err_coupon_name,S'il vous plaît fournir le nom de coupon
err_coupon_len,La longueur du nom de coupon doit être supérieur à 4
err_coupon_exist,Nom du coupon est déjà existé dans le système
shipping_name,Nom pour la livraison
shipping_price,Prix
shipping_days,Journées
shipping_add,Ajouter Méthode d'expédition
shipping_edit,Modifier Méthode d'expédition
shipping_search,Rechercher Mode de livraison
shipping_info,Informations sur la livraison Méthode
success_shipping_add,Méthode d'expédition a été ajouté avec succès
success_shipping_edit,Méthode d'expédition a été mis à jour avec succès
success_shipping_delete,Méthode d'expédition a été supprimé
err_shipping_name,S'il vous plaît fournir l'expédition nom de la méthode
err_shipping_len,La longueur de la marine marchande Nom de la méthode doit être supérieure à 4
err_shipping_exist,Méthode d'expédition Nom est existe déjà dans le système
delete_shipping_label,Supprimer Méthode d'expédition?
shipping_delete_confirm_message,Etes-vous sûr de supprimer cette méthode d'expédition?
tag_name,Nom de la balise
tag_img,Marquer la photo
tag_add,Ajouter une étiquette
tag_search,Recherche Tag
tag_info,Informations sur le tag
tag_icon,tag Icône
err_tag_name,S'il vous plaît fournir le nom de l'étiquette
err_tag_len,La longueur de la balise nom doit être supérieure à 4
err_tag_exist,Nom de la balise est déjà existé dans le système
success_tag_add,Tag a été ajouté avec succès
success_tag_edit,Tag a été mis à jour avec succès
success_tag_delete,Tag a été supprimé
delete_tag_label,Supprimer Tag?
tag_delete_confirm_message,Etes-vous sûr de supprimer cette balise?
btn_version,Version
ver_info,Information sur la version
ver_no_label,version Non
ver_msg_label,version message
ver_title_label,version Titre
ver_force_update,Version mise à jour de travail?
ver_need_data,Version Besoin Effacer les données?
success_version_add,Version a été ajouté avec succès
success_version_edit,Version a été mis à jour avec succès
paypal_transaction_failed,"Désolé, Paypal Transaction est échoué."
stripe_transaction_failed,"Désolé, Stripe transaction échoue."
err_user_not_exist,"Désolé, les informations d'identification de connexion de l'utilisateur sont erronées"
no_record,No More enregistrement
delete_register_user_label,Supprimer un utilisateur enregistré?
register_user_delete_confirm_message,Etes-vous sûr de supprimer cet utilisateur enregistré?
success_registered_user_delete,L'utilisateur enregistré a été supprimé
success_user_delete,L'utilisateur a été supprimé
user_ban,Ban utilisateur
user_ban_label,Interdire
user_unban,unban
err_user_banned,"Désolé, vous ne pouvez pas vous connecter parce que votre compte est interdit."
no_record,Plus d'enregistrement
invalid_api_key,API clé est invalide
apikey_info,Api Informations clés
key_label,Clé
success_apikey_edit,Api clé est mis à jour avec succès
success_apikey_add,Api clé est ajouté avec succès
err_user_email_exist,Email L'utilisateur est déjà exister
trans_payment_method,Mode de paiement :
trans_memo,Note :
trans_item_sub_total,Point Sous-total:
trans_coupon_discount_amount,Coupon Montant (-):
trans_overall_tax,fiscale globale
trans_shipping_cost,Frais de transport (à l'aide
trans_shipping_tax,Expédition Taxes
trans_total_balance_amount,Total Solde Montant:
order_desc,Ordre de Flutter Multi Store:
err_email_not_send_to_shop,"Désolé, envoyez un courriel ne peut pas envoyer le propriétaire du magasin."
err_email_not_send_to_user,"Désolé, envoyez un courriel pas en mesure d'envoyer le client."
order_receive_subject,Nouvel ordre a été reçu
order_status_subject,état de la commande de la commande a été modifiée pour
country_name,Nom du pays
country_add,Ajouter Pays
country_search,Recherche Pays
country_edit,Modifier Pays
country_info,Informations pays
success_country_add,Le pays a été ajouté avec succès
success_country_edit,Le pays a été mis à jour avec succès
success_country_delete,Pays a été supprimé
delete_country_label,Supprimer Pays?
country_yes_all_message,"Quand supprimer ce pays, il supprimera toutes les villes et les zones connexes aussi. Alors, voulez-vous toujours de le supprimer?"
err_country_name,S'il vous plaît fournir le nom du pays
err_country_len,La longueur du nom du pays doit être supérieur à 4
err_country_exist,Pays Nom est déjà existé dans le système
city_name,Nom de Ville
city_add,Ajouter Ville
select_country,Sélectionnez Nom Pays
city_search,Recherche Ville
city_edit,Modifier la ville
city_info,ville information
success_city_add,Ville a été ajouté avec succès
success_city_edit,City a été mis à jour avec succès
success_city_delete,Ville a été supprimé
delete_city_label,Supprimer la ville?
city_delete_confirm_message,Etes-vous sûr de supprimer cette ville?
err_city_name,S'il vous plaît fournir le nom de la ville
err_city_len,La longueur de la ville Nom doit être supérieure à 4
err_city_exist,Nom de la ville est déjà existé dans le système
f_item_country_required,Veuillez sélectionner Nom Pays
zone_name,Nom de la zone
zone_search,Rechercher Zone
zone_add,Ajouter une zone
zone_edit,Modifier Zone
zone_info,zone d'information
select_city,Sélectionnez Nom Ville (Multiple Select)
success_zone_add,Zone a été ajouté avec succès
success_zone_edit,Zone a été mis à jour
success_zone_delete,Zone a été supprimé
delete_zone_label,Supprimer la zone?
zone_delete_confirm_message,Etes-vous sûr de supprimer cette zone?
err_zone_name,S'il vous plaît fournir le nom de zone
err_zone_len,La longueur de la zone Nom doit être supérieure à 4
err_zone_exist,Nom de la zone est déjà existé dans le système
f_item_city_required,Veuillez sélectionner Nom Ville
select_zone,Sélectionnez zones
shipping_zone_add,Ajouter Expédition Avec Zone
shipping_zone_edit,Modifier Expédition Avec Zone
shipping_zone_search,Rechercher Livraison avec Zone
shipping_zone_info,Avec expédition Zone d'information
success_shipping_zone_add,Avec la livraison Zone a été ajouté avec succès
success_shipping_zone_edit,Avec la livraison Zone a été mis à jour avec succès
success_shipping_zone_delete,Avec la livraison Zone a été supprimé
delete_shipping_zone_label,Supprimer Expédition Avec Zone?
shipping_zone_delete_confirm_message,Êtes-vous sûr de vouloir supprimer cette expédition avec la zone?
f_item_zone_required,Veuillez sélectionner Nom de la zone
shipping_package_name,Nom d'expédition Paquet
need_to_enable_zone_shipping,S'il vous plaît permettre l'expédition de la zone à réglage expédition.
dup_zone_name,Nom de la zone est déjà existé
you_selected,Vous avez sélectionné
per_order_based,Par ordre Basées
cost,Coût
per_item_based,Par article base
delivery_increment_of_zone,Livraison Increment de la zone
based_cost,Coût Sur la base
take_prd_shipping_cost,Extrais produit Frais de port
free_shipping,Livraison gratuite
zone_from_other_package,Zone est déjà sélectionné dans un autre emballage.
increment_formula,Fourmula: (produit Frais de port) x (valeur Increacement) x (QTE)
increment_note,Note: Nécessité de défaut de réglage est 1.
cat_module,Catégories
contact_module,Contactez-nous un message
system_user_module,Les utilisateurs du système
export_database_module,Base de données d'exportation
subcat_module,Sous-catégories
discount_module,Réductions
blog_module,Les blogs
product_module,nourriture
collection_module,collections
noti_module,N'est pas
version_module,Version
comments_module,commentaires
like_module,Aime
favourites_module,Favoris
transaction_module,Transactions
popular_prd_module,La plupart nourriture populaires
purchase_prd_module,La plupart nourriture d'achat
popular_cat_module,Catégories les plus populaires
purchase_cat_module,La plupart des catégories d'achat
rate_prd_module,La plupart évalués
coupon_dis_module,Réductions Coupon
shipping_module,Mode de livraison
app_module,À propos App
shop_module,À propos de Boutique
register_user_module,Utilisateurs enregistrés
api_key_module,api clés
countries_module,Des pays
cities_module,Villes
zone_module,Zone
shipping_zone_module,Expédition avec les zones
language_module,langues
entry_group,Entrée
user_feedback_group,Commentaires des utilisateurs
user_mang_groups,Gestion des utilisateurs
reports_group,Rapports
miscellaneous_group,Divers
setting_group,Réglage
second_ago,seconde
minute_ago,minute
hour_ago,heure
day_ago,journée
week_ago,la semaine
month_ago,mois
year_ago,année
decade_ago,décennie
just_now_label,Juste maintenant
ago_label,depuis
btn_active,actif
lang_string,langue Chaîne
lang_name,Nom de la langue
lang_add,Ajouter une langue
lang_info,langue d'information
lang_symbol,symbole
lang_search,Recherche Langue
lang_edit,Modifier la langue
success_lang_edit,La langue a été mis à jour avec succès
success_lang_add,La langue a été ajouté avec succès
success_lang_delete,La langue a été supprimé
err_lang_name,S'il vous plaît fournir le nom de la langue
err_lang_len,La longueur de la langue Nom doit être supérieur à 4
err_lang_exist,Langue Le nom est déjà existé dans le système
delete_lang_label,Supprimer la langue?
lang_delete_confirm_message,Voulez-vous supprimer toute la chaîne sous cette ensemble linguistique?
lang_yes_all_label,Oui tout
lang_no_only_label,seulement Langue
lang_yes_all_message,Oui Tous - Langue et articles supprimeront du système.
language_id,Langue
lang_string_key,Clé
lang_string_value,Valeur
lang_string_info,Informations sur les chaînes de langue
select_language,Langue sélectionnée
btn_import,Importation
csv_symbol_link,fichier csv Exemple ici
lang_str_search,Recherche Langue Chaîne
success_langstr_import,Langue chaîne avec succès csv téléchargé
lang_str_add,Ajouter une langue Chaîne
lang_str_edit,Modifier la langue Chaîne
success_lang_str_edit,Langue Chaîne a été mis à jour avec succès
success_lang_str_add,Langue chaîne a été ajouté avec succès
err_lang_str_name,S'il vous plaît fournir le nom de la chaîne de langue
err_lang_str_len,La longueur de la chaîne de langue doit être supérieure à 4
err_lang_str_exist,Langue chaîne est déjà existé dans le système
lang_title,Supprimé Langue?
lang_warning,Vous ne pouvez pas supprimer la langue active.
btn_ok,D'accord
list_lang_label,langues
list_lang_str_label,langue Cordes
err_lang_symbol,S'il vous plaît donner le symbole langue
pls_att_name,S'il vous plaît Nom d'attribut Détail
remove_label,Retirer
btn_no,Non
pls_city_name,Nom de la ville vous plaît
pls_collect_name,Nom Collection vous plaît
pls_dis_percent,S'il vous plaît pour cent de réduction
pls_prd_name,S'il vous plaît Nom du produit
pls_highlight_info,S'il vous plaît mettez en surbrillance Information
pls_code,S'il vous plaît Entrez le code
pls_unit_price,S'il vous plaît Unité Prix
pls_shipping_cost,S'il vous plaît les frais de port
pls_minimum_order,S'il vous plaît Commande minimum
pls_prd_measurement,S'il vous plaît mesure produit
pls_prd_unit,S'il vous plaît Unité Produit
pls_search_tag,S'il vous plaît Recherche Tag
pls_prd_desc,S'il vous plaît Description du produit
pls_shipping_name,S'il vous plaît Nom d'expédition Paquet
per_order_post,Par Cout
pls_sub_cat,S'il vous plaît Sous-catégorie Nom
pls_zone_name,Nom de la zone s'il vous plaît
success_reset_email_sent,Réinitialiser E-mail est envoyé avec succès
err_touch_count,Problème In Touch Count!
coupon_not_found,Votre code est valide.
require_user_id,ID d'utilisateur requis
require_platform,Plate-forme requise
file_na,Indisponible
token_already_exist,"Désolé, dispositif de jeton existent déjà."
err_noti_register,"Désolé, il y a le problème pour Push Enregistrement de notification."
success_noti_register,Votre appareil a enregistré avec succès pour la notification Push.
success_noti_unregister,Votre appareil désinscrit avec succès pour la notification Push.
err_noti_unregister,"Désolé, il y a le problème pour Push notification désinscription."
err_in_noti_read,"Désolé, la notification ne peut pas lire."
success_touch_count,Appuyez sur Compter avec succès inséré.
backend_setting_module,Réglage backend
backend_config_info_lable,Backend Informations de réglage
sender_name_label,Nom de l'expéditeur
receive_email_label,recevoir un courriel
sender_email_label,Email Sender
img_section,Section d'image
fcm_api_key_label,clé fcm api
backend_login_img,Backend Connexion Arrière-plan
backend_logo,backend Logo
backend_fav_icon,Backend Fav Ico
upload_backend_logo,Télécharger Backend Logo
upload_fav_icon,Télécharger Fav Icône
upload_login_img,Télécharger Connexion photo
pwd_reset_label,Réinitialisation du mot de passe
pwd_reset_link,S'il vous plaît cliquer sur le lien suivant pour réinitialiser votre mot de passe
reset_link_label,réinitialiser le mot de passe
best_regards_label,Meilleures salutations
hi_admin_label,salut Administrateur
name_label,Nom
email_label,Email
phone_label,Téléphone
msg_label,Message
bank_acc_label,Compte bancaire :
bank_name_label,Nom de banque :
bank_code_label,Code bancaire :
branch_code_label,code de la Direction générale
swift_code_label,Code rapide
pay_met_cod,Méthode de paiement: Paiement à la livraison
pay_met_paypal,Méthode de paiement: Paypal
pay_met_stripe,Méthode de paiement: Stripe
pay_met_bank,Mode de paiement: Virement bancaire <br>
price_label,Prix ​​:
unit_label,Unité
shipping_cost_label,Frais de port
qty_label,QTÉ
hi_label,salut
order_receive_info,Nouvel ordre est reçu des informations suivantes.
trans_code,Trans. Code
trans_status_label,Trans. Statut
billing_cus_name,Facturation Nom du client
billing_add1,Adresse de facturation 1
billing_add2,Adresse de facturation 2
billing_phone,Téléphone de facturation
billing_email,Email de facturation
billing_shipping_name,Facturation Nom d'expédition
shipping_add1,Adresse d'expédition 1
shipping_add2,Adresse d'expédition 2
shipping_phone,téléphone expédition
shipping_email,expédition Email
memo_label,Note
zone_shipping,zone d'expédition
prd_detail_info,Détails du produit ci-dessous des informations au
sub_total,sous-total
coupon_dis_amount,Coupon Montant (-)
overall_tax,Fiscale globale (+)
shipping_cost,Les frais d'envoi (+)
shipping_tax,Expédition Taxes (+)
total_bal_amt,Total Solde Montant
no_country_available,"Désolé, les pays d'expédition ne sont pas disponibles."
shop_label,Magasins
user_label,Gestion des utilisateurs
btn_contact,Contactez-nous un message
btn_api_keys,api clés
btn_paypal_config,Paypal Configuration
trans_code_label,Code de transaction
lang_active,actif
shop_approve_label,"Toutes nos félicitations! Votre boutique a été approuvé. Donc, vous pouvez vous connecter avec e-mail et mot de passe enregistré."
shop_reject_label,"Pardon! Votre boutique a été rejetée. Si vous avez des questions, s'il vous plaît déposer un message à contact@ps.com"
success_register_edit,Inscrivez-Shop a été mis à jour avec succès
success_register_add,Inscrivez-Shop a été ajouté avec succès
btn_reject_shop,Rejeter des listes Boutique
shop_reg_label,Nouvelle boutique a été enregistré. S'il vous plaît jeter un oeil plus de détails ci-dessous au
shop_phone_label,boutique téléphone
shop_add_label,boutique Adresse
user_email_label,Courriel de l'utilisateur
shop_reg_done,Votre boutique a été enregistré. Après nous avons examiné puis nous reviendrons vers vous pour le résultat du processus d'approbation. Voici quelques informations pour votre boutique
new_user_register,Enregistrement d'un nouveau compte utilisateur
user_register_success_but_email_not_send,le succès du registre utilisateur mais pas envoyer des e-mail
verify_code_sent,Code de vérification a été envoyé
new_shop_register,Nouvelle boutique a été enregistré.
success_shop_register,Votre boutique a été enregistré.
shop_approve,Votre boutique a été approuvé.
shop_reject,Votre boutique a été rejetée.
no_record_found,Aucun Enregistrement Trouvé
approval_shop_login,"Désolé, votre magasin n'est pas encore approuver."
pls_shop_tag,S'il vous plaît choisir votre magasin
f_user_pass_required,S'il vous plaît Entrez le mot de passe utilisateur
write_reply_label,Écrire une réponse...
go_to_paypal_label,Aller à Paypal
f_shop_create_success_title,Félicitation!
f_shop_create_success_text,Votre boutique a été enregistré et notre équipe d'approbation sera l'examiner. Vous serez averti par email si votre magasin agréé est approuvé.
go_to_shop_register,Aller au magasin Inscription
f_user_pass_length,La longueur du mot de passe de l'utilisateur doit être supérieure à 4
f_user_conf_required,Entrez s'il vous plaît utilisateur Confirmer mot de passe
f_user_conf_length,La longueur de l'utilisateur Confirmer mot de passe doit être supérieure à 4
err_description_label,S'il vous plaît fournir une description
err_shop_tag_label,S'il vous plaît fournir tag boutique
btn_approved_shop,Magasin d'approbation
select_status,Sélectionnez approuvé ou rejeté?
paypal_success_label,Paypal avec succès !!!
btn_shop_tag,boutique Tag
btn_register_user,Inscription utilisateur
shop_name_label,Nom de la boutique
multiple_upload_module,Produits multiples Télécharger
analytics_module,Analytique
success_rating_delete,Note a été supprimé
no_country_available,"Désolé, les pays d'expédition ne sont pas disponibles."
rating_yes_all_message,Etes-vous sûr de supprimer cette Note?
delete_rating_label,Supprimer Note?
success_trans_delete,La transaction a été supprimé
trans_yes_all_message,Etes-vous sûr de vouloir supprimer cette transaction?
delete_trans_label,Supprimer Transaction?
err_user_pass_len,La longueur du mot de passe de l'utilisateur doit être supérieure à 4
err_user_pass_conf_bank,La longueur de Confirmer le mot de passe de l'utilisateur doit être supérieure à 4
new_user_acc,Votre nouveau compte utilisateur a été créé. Bienvenue dans Flutter Multi Store. Veuillez vérifier avec le code ci-dessous pour activer votre compte.
verify_code_label,code de vérification
smtp_section,Configuration SMTP
smtp_host_label,hôte SMTP
smtp_host_placeholder,par exemple: ssl: //smtp.hostmail.com
smtp_port_label,SMTP Numéro de port
smtp_enable,SMTP Activer?
smtp_user_label,SMTP utilisateur
smtp_pass_label,Mot de passe SMTP
success_backend_edit,Backend réglage a été mis à jour avec succès
topics_label,Les sujets
dashboard_label,Tableau de bord
back_to_shop,Retour à la liste des magasins
lang_deactive,Deactive
cannot_deactive,"Désolé, il ne peut pas être désactivé."
err_symbol_exist,symbole de la langue est déjà existé dans le système.
paypal_info,Informations Paypal
price,Prix
currency_code,Code de devise
api_username,Api Nom de l'utilisateur
api_password,api Mot de passe
api_signature,Signature Api
application_id,ID d'application
developer_email_account,Compte Email Developer
sandbox,bac à sable
api_version,api version
delete_system_user_label,Supprimer l'utilisateur système?
system_user_delete_confirm_message,Voulez-vous vraiment supprimer cet utilisateur système?
entry_label,Entrée
payment_status_module,Statut de paiement
trans_status_module,Statut de la transaction
deliboys_module,Delivery Boy Management
deli_status_title,Titre
deli_status_add,Ajouter un statut de livraison
err_deli_status_name,Veuillez indiquer le titre du statut de livraison
err_deli_status_len,La longueur du titre du statut de livraison doit être supérieure à 4
err_deli_status_exist,Delivery Status is already exist
deli_status_search,Rechercher l'état de livraison
deli_status_edit,Modifier le statut de livraison
success_deli_status_edit,Le statut de livraison a été modifié avec succès.
success_deli_status_add,Le statut de livraison a été ajouté avec succès.
success_deli_status_delete,Le statut de livraison a été supprimé avec succès.
deli_status_yes_all_message,Voulez-vous vraiment supprimer ce statut de livraison?
delete_deli_status_label,Excluir status da entrega?
pay_status_info,Informations sur l'état du paiement
err_pay_status_name,Veuillez indiquer le titre du statut de paiement
err_pay_status_len,La durée du statut de paiement doit être supérieure à 4
err_pay_status_exist,Le statut de paiement existe déjà.
pay_status_add,Ajouter un statut de paiement
pay_status_search,Rechercher l'état du paiement
pay_status_edit,Modifier l'état du paiement
success_pay_status_edit,Le statut de paiement a été modifié avec succès
success_pay_status_add,Le statut de paiement a été ajouté avec succès
success_pay_status_delete,Le statut de paiement a été supprimé avec succès.
delete_pay_status_label,Supprimer le statut de paiement?
pay_status_yes_all_message,Voulez-vous vraiment supprimer ce statut de paiement?
trans_status_info,Informations sur l'état de la transaction
err_trans_status_name,Veuillez fournir le titre du statut de la transaction
err_trans_status_len,La longueur du statut de transaction doit être supérieure à 4
err_trans_status_exist,Le statut de la transaction existe déjà
trans_status_search,Statut de la transaction de recherche
trans_status_add,Ajouter un statut de transaction
delete_trans_status_label,Supprimer le statut de la transaction?
trans_status_edit,Modifier le statut de la transaction
success_trans_status_edit,Le statut de la transaction a été modifié avec succès.
success_trans_status_add,La transaction a été ajoutée avec succès.
success_trans_status_delete,Le statut de la transaction a été supprimé avec succès.
trans_status,Statut des transactions:
trans_status_yes_all_message,Voulez-vous vraiment supprimer ce statut de transaction?
deli_status_ordering,Commande
final_stage,Étape finale
final_stage_delete,L'étape finale n'est pas en mesure de supprimer.
start_stage_delete,L'étape de démarrage n'est pas en mesure de supprimer.
add_on_module,Ajouter
shipping_areas_module,Zone d'expedition
app_configs_module,Paramètre d'application
food_add_img,Ajouter une image
food_add_name,Ajouter le nom
food_add_description,La description
food_add_price,Prix
food_additional_info,Informations complémentaires
err_food_add_name,Veuillez indiquer le nom du complément.
err_food_add_len,La longueur du nom du module complémentaire doit être supérieure à 4
err_food_add_exist,Le nom du module complémentaire existe déjà
food_additional_add,Ajouter Ajouter sur
additional_search,Recherche Add On
additional_edit,Modifier l'ajout
success_additional_edit,Le module complémentaire a été mis à jour avec succès.
success_additional_add,Le module complémentaire a été ajouté avec succès.
success_additional_delete,Le module complémentaire a été supprimé avec succès.
prd_addon_label,Sélectionnez Ajouter
prd_ordering,Commande
prd_ingredient,Ingrédient
prd_nutrient,Nutritive
shipping_areas_module,Zone d'expedition
shp_area_price,Prix
err_shp_area_name,Veuillez expédier le nom de la zone
shp_area_info,Informations sur la zone d'expédition
shp_area_add,Ajouter une zone d'expédition
err_shp_area_exist,La zone d'expédition existe déjà
success_shp_area_edit,La zone d'expédition a été modifiée.
shp_area_edit,Modifier la zone d'expédition
success_shp_area_add,La zone d'expédition a été ajoutée avec succès.
success_shp_area_delete,La zone d'expédition a été supprimée.
shp_area_name,Nom de zone
shp_area_search,Zone d'expédition
err_shp_area_len,La longueur de la zone d'expédition doit être supérieure à 4
delete_shp_area_label,Supprimer la zone d'expédition?
shp_area_delete_confirm_message,Voulez-vous vraiment supprimer cette zone d'expédition?
fcm_api_key_deli_boy_label,Boy Livraison clé fcm api
policy_info,Information Politique de confidentialité
content_label,Contenu
privacy_policy_module,Politique de confidentialité
success_policy_edit,Politique de confidentialité a été mis à jour avec succès
success_policy_add,Politique de confidentialité a été ajouté avec succès
not_yet_activate,Votre compte n'est pas encore active.
user_status,Statut de l'utilisateur
order_submit,Soumis pour
deliveried,deliveried
price_level,Niveau de prix
highlighted_info,Informations surligné
deli_status_module,Statut de livraison
payment_status_module,Statut de paiement
delete_deliboy_label,Supprimer garçon de livraison?
deliboy_delete_confirm_message,Êtes-vous sûr de vouloir supprimer cette Livreur?
success_deliboy_delete,garçon de livraison a été supprimé
razor_enabled_label,Est-il activé Razor?
razor_label,[Option 6]: Paiement avec Razor
razor_key_label,Razor Key
banktransfer_label,[Option 3]: Paiement par virement bancaire
module_group_lang,Groupe de modules
group_name,Nom du groupe de modules
group_icon,Icône de groupe de modules
group_lang_key,Clé de langue
group_info,Informations sur le groupe de modules
group_search,Groupe de modules de recherche
group_add,Ajouter un groupe de modules
success_group_edit,Le groupe de modules a été modifié avec succès
success_group_add,Le groupe de modules a été ajouté avec succès
group_edit,Modifier le groupe de modules
success_group_delete,Le groupe de modules a été supprimé avec succès
err_group_name,Veuillez fournir le groupe de modules
err_group_len,La longueur du nom du groupe de modules doit être supérieure à 4
err_group_exist,Le nom du groupe de modules existe déjà
module_lang,Module
module_desc,La description
module_ordering,Commande
module_add,Ajouter un module
module_info,Informations sur le module
module_name,Nom du module
is_show_on_menu,Est-ce que Show On Menu?
module_lang_key,Clé de langue du module
module_select_group,Sélectionnez le groupe de modules
delete_module_label,Supprimer le module?
module_delete_confirm_message,Voulez-vous vraiment supprimer ce module?
delete_group_label,Supprimer le groupe de modules?
group_delete_confirm_message,Voulez-vous vraiment supprimer ce groupe de modules?
err_module_name,Veuillez fournir le nom du module
err_module_len,La longueur du nom du module doit être supérieure à 4
err_module_exist,Le nom du module existe déjà
module_search,Nom du module de recherche
success_module_edit,Le module a été mis à jour avec succès.
success_module_add,Le module a été ajouté avec succès.
module_edit,Modifier le module
success_module_delete,Le module a été supprimé avec succès.
payment_not_select,Veuillez sélectionner le paiement
about_location_section,Information de Lieu
opening_hour_label,heure d'ouverture
closing_hour_label,heure de clôture
closed_date_label,date de fermeture
closed_date_example,Pour exemple; Fermé tous les dimanches
rest_lat_label,Latitude
rest_lng_label,Longitude
user_phone_label,Téléphone de l'utilisateur
about_me,À propos de moi
deliboy_info,Informations sur la livraison Boy
user_phone,Téléphone
product_price,Prix ​​du produit
product_title,Titre
product_desc,La description
select_pay_status,Sélectionnez État de paiement
select_deli_boy,Sélectionnez Delivery Boy
trans_prd_checkout,"Désolé,l'un de vos produits sélectionnés n'est pas disponible dans notre système."
err_user_name_blank,Fournir s'il vous plaît nom d'utilisateur
err_user_pass_blank,Fournir s'il vous plaît mot de passe utilisateur
err_user_pass_conf_blank,Fournir s'il vous plaît mot de passe utilisateur de confirmer
err_user_pass_conf_not_match,Votre mot de passe et le mot de passe de confirmation ne correspondent pas
err_user_name_len,La longueur du nom de l'utilisateur doit être supérieure à 4
err_user_email_invalid,"Désolé, votre e-mail est invalide"
user_mang_group,Gestion des utilisateurs
img_configuration,Configuration d'image
land_width_label,Largeur du paysage
potrait_height_label,Hauteur du portrait
square_label,Hauteur carrée
err_shop_name,S'il vous plaît fournir le nom du magasin.
err_shop_len,La longueur de la boutique Le nom doit être supérieure à 4.
err_shop_exist,Nom de la boutique est existait déjà dans le système.
user_banned,"Désolé, votre compte est interdit."
err_user_not_existed,Votre compte n'est pas existé dans le système.
err_lat_lng,Latitude et Longitude ne doivent pas être 0.0.
record_not_found,"Désolé, enregistrement introuvable."
no_record_pagination,"Désolé, plus d'enregistrement dans le système."
email_verification_enabled,Vérification email activé?
minimum_order_amount,Montant minimum de commande
approve_message_1,Félicitation! Livraison approuvé Boy (
approve_message-2,)
reject_message_1,Désolé! Delivery Boy Rejeté (
reject_message_2,)
trans_shop_checkout,"Désolé, un de vos magasins sélectionnés ne sont pas disponibles dans notre système."
banusers_module,Ban Liste des utilisateurs
btn_view,Vue
btn_back,Arrière
additional_delete_confirm_message,Etes-vous sûr de supprimer ce supplémentaire alimentaire?
delete_additional_label,Supprimer des aliments supplémentaires?
btn_shop_rating,Shop Classement
rating_shop_name,Nom de notes Achetez
rating_description,Cote description
shop_rate_info,Informations de notes Achetez
error_deli_boy,"Désolé, vous n'avez pas accès pour se connecter Backend"
user_auto_approved,Votre nouveau compte utilisateur a été créé. Bienvenue à Flutter Multi Restaurant.
reservation_lang_module,Réservations
restaurant_branches_module,Branches de restaurants
success_res_edit,La réservation a été mise à jour avec succès
success_res_add,La réservation a été ajoutée avec succès
resv_info,Informations de réserve
resv_date_label,Date de réservation (JJ / MM / AAAA)
resv_time_label,Temps de réserve (HH: MM) Format 24 heures
reserved_by,Réservé par
resv_note,Remarque additionnelle
resv_status,État de la réservation
trans_delivery_pickup_date,Date de ramassage de livraison:
trans_delivery_pickup_time,Heure de ramassage de livraison:
pickup_message,Message de ramassage
pickup_label,[Option 6]: Paiement avec ramassage
pickup_enabled,Le ramassage est-il activé?
cus_pick_up_order,Le client ramassera cette commande.
success_logout,L'utilisateur a été avec succès fermeture de session.
paystack_setting,Réglage Paystack
paystack_label,[Option 7: Paiement avec Paystack
paystack_key_label,Paystack clé
paystack_enabled_label,Paystack est activé?
btn_duplicate,Dupliquer
success_prd_duplicate_add,L'élément en double a été ajouté avec succès
maximum_order,ordre maximum
pls_maximum_order,Pour commander maximum
deeplink_section,Configuration de la liaison profonde
dyn_link_key_label,Clé de lien dynamique
dyn_link_url_label,URL de lien dynamique
dyn_link_package_name_label,Nom du package de liaison dynamique
dyn_link_domain_label,Domaine de liaison dynamique
dyn_link_deep_url_label,URL de lien profond
prd_dynamic_link_label,Lien dynamique du produit
dyn_link_package_name_ios,Dynamique en liant le nom de package IOS
dyn_link_ios_appstore_id,Dynamic Linking IOS Id AppStore
prd_image,Image du produit
key_and_user_not_match,ne sont pas adaptés clés et l'utilisateur.
user_not_permission,Vous n'êtes pas autorisé pour ce module.
user_not_action,Vous n'avez pas accès à faire cette action.
not_login_access,Vous n'avez pas accès à la connexion.
deliver_distance_label,Distance de livraison
deli_charges_label,Frais de livraison par mile
fixed_deli_fee_label,Frais de livraison fixe
deliver_unit_label,Unité de livraison
is_area_label,Zone
not_calculate_deli_fee,Cela ne calculera pas les frais de livraison.
deli_fee_by_distance_label,Frais de livraison par distance
deli_fee_formula,Formule: (distance entre le client et la boutique) x (charges - à 1 mile)
fixed_delivery_label,Livraison fixe
fixed_delivery_fee,Frais de livraison gratuits
free_delivery_label,Livraison gratuite
monday_label,Lundi
tuesday_label,Mardi
wednesday_label,Mercredi
thursday_label,jeudi
friday_label,vendredi
saturday_label,samedi
sunday_label,dimanche
err_monday,S'il vous plaît fournir lundi heure.
err_tuesday,S'il vous plaît fournir mardi heure.
err_wednesday,S'il vous plaît fournir mercredi heure.
err_thursday,S'il vous plaît fournir jeudi heure.
err_friday,S'il vous plaît fournir une heure du vendredi.
err_saturday,S'il vous plaît fournir samedi heure.
err_sunday,S'il vous plaît fournir une heure du dimanche.
invalid_monday,Lundi Hour Clier n'est pas valide.
invalid_tuesday,"Mardi, heure proche est invalide."
invalid_wednesday,Le mercredi heure proche est invalide.
invalid_thursday,Jeudi heure proche n'est pas valide.
invalid_friday,"Vendredi, heure de près n'est pas valide."
invalid_saturday,Samedi Hour Clier n'est pas valide.
invalid_sunday,Dimanche Client Hour n'est pas valide.
cannot_order_food,Vous êtes loin du magasin.
shop_schedule_label,Horaire
is_refundable_label,Est remboursable sur? (Si une commande peut rembourser à l'utilisateur à cet état de transaction).
cannot_refund_stage,La commande ne peut pas rembourser à cet état de transaction.
cannot_refund_payment,Ne peut pas rembourser pour ce mode de paiement.
order_refund_subject,Votre commande a été remboursée.
already_refunded,Votre commande a déjà remboursé.
refunded_orders_search,Recherche de commandes remboursées
stripe_refund_failed,Remboursement des rayures a échoué.
order_refund_info,L'ordre est remboursé avec les informations suivantes.
refunded_amount,Montant remboursé
refund_orders_module,Commandes remboursées
paypal_refund_failed,Le remboursement PayPal a échoué.
paypal_client_id_label,ID client PayPal
paypal_secret_key_label,Clé secrète PayPal
transaction_refresh_section,Configuration de la page de transaction et de Notti Sound Refresh
transaction_page_time_label,Page de transaction Temps de rafraîchissement automatique
transaction_sound_time_label,TRANSACTION NOTI Sound Sound Rafraîchissant Time
buyer_name,Nom de l'acheteur
payment_method,Mode de paiement
payment_status,Statut de paiement
already_rating_deliboy,Vous avez déjà évalué ce garçon de livraison.
overall_rating,Note globale
deliboy_rating_log_module,Livres de bourse de livraison
deliboy_list_label,Tous les garçons de livraison
not_final_stage,Vous ne pouvez pas évaluer maintenant car votre commande n'est pas encore atteinte à la dernière étape.
not_yet_assigned_deliboy,La livraison garçon n'a pas encore attribué à la commande.
deli_boy_not_existed,Le garçon de livraison n'a pas existé dans le système.
deli_boy_banned,Le garçon de livraison a été banni par admin.
rating_by_how_many_people,Note de combien de personnes
review_label,Revoir
joined_date,Date d'adhésion
delete_trans_label,Supprimer la transaction?
trans_yes_all_message,Êtes-vous sûr de supprimer cette transaction?
success_trans_delete,La transaction a été supprimée avec succès
minimum_order_cannot_zero,L'ordre minimum de nourriture ne peut pas être zéro.
maximum_order_cannot_zero,L'ordre maximum de la nourriture ne peut pas être zéro.
err_user_email_blank,Veuillez fournir un email utilisateur.
best_choice,Meilleur choix
best_choice_add,Ajouter le meilleur choix
best_choice_name,Nom du meilleur choix
success_best_choice_delete,Le meilleur choix a été supprimé avec succès.
success_best_choice_edit,Le meilleur choix a été mis à jour avec succès.
success_best_choice_add,Le meilleur choix a été ajouté avec succès.
delete_best_choice_label,Supprimer le meilleur choix?
best_choice_delete_confirm_message,Êtes-vous sûr de vouloir supprimer ce meilleur choix?
err_best_choice_name,S'il vous plaît fournir un nom de choix meilleur choix
err_best_choice_len,La longueur du nom de la collection doit être supérieure à 4
err_best_choice_exist,Ce nom de choix existe déjà.
best_choice_photo,Meilleure photo de choix
price_cannot_zero,Le prix ne peut pas être zéro.
err_price_blank,S'il vous plaît fournir le prix
err_coupon_code_blank,S'il vous plaît fournir un code de coupon
err_coupon_code_len,La longueur du code de coupon doit être supérieure à 4
err_coupon_amount_blank,Veuillez fournir le montant du coupon
err_coupon_amount_len,La longueur du montant du coupon doit être supérieure à 2
coupon_amount_cannot_zero,Le montant du coupon ne peut pas être zéro
err_shp_price_blank,S'il vous plaît fournir la zone d'expédition Price
dis_cannot_zero,Le pourcentage de réduction ne peut pas être zéro
err_price,S'il vous plaît fournir un prix personnalisé
cus_price_cannot_zero,Le prix personnalisé ne peut pas être zéro
err_curr_sym,S'il vous plaît fournir un symbole monétaire
err_curr_short,S'il vous plaît fournir une forme courte de devise
delete_branch_label,Supprimer la branche de restaurant?
branch_delete_confirm_message,Êtes-vous sûr de supprimer cette succursale de restaurant?
success_sys_user_delete,L'utilisateur du système a été supprimé avec succès
best_choice_info,Informations de choix meilleur choix
noti_sent_fail,Noti envoyé échouer
select_csv_file,Sélectionnez le fichier CSV
pls_upload_csv,Veuillez fournir un fichier csv
err_icon_missing,Aucun fichier n'est téléchargé
csv_upload_instruction_1,"Veuillez suivre ces étapes ci-dessous: <br> 1. Téléchargez des images pour télécharger le dossier manuellement via FTP. <br> 2. Ensuite, préparez-vous comme le format CSV. Échantillon ici:"
csv_file_sample_link,"<a href=""https://bit.ly/3G4MvHj"" target=""_blank"">https://bit.ly/3G4MvHj</a> "
csv_upload_instruction_2,<br> 3. Vous pouvez utiliser Google Feuille pour créer et exporter comme séparateur de virgule.
flutter_wave_label,[Option 7]: Paiement avec une onde à flotteur
flutter_wave_publishable_key,Vague à flutter clé publique
flutter_wave_encryption_key,Touche de cryptage
flutter_wave_enable_label,Est activé le paiement des ondes à flotter?
search_keyword_section,Recherche par configuration de mots clés
search_in_shop,Recherche dans la boutique
search_in_category,Recherche dans la catégorie
search_in_product,Recherche dans le produit
search_in_shop_limit,Recherche dans la limite de la boutique
search_in_category_limit,Recherche dans la limite de catégorie
search_in_product_limit,Recherche dans la limite de produit
success_user_sch_delete,Le calendrier des utilisateurs a été supprimé avec succès.
err_delete_sch_detail,Il y a une erreur lors de la suppression des détails de l'utilisateur.
err_delete_sch,Il y a une erreur lors de la suppression du calendrier des utilisateurs.
schedule_orders_module,Calendrier des ordres
search_in_subcategory,Recherche dans la sous-catégorie
search_in_subcategory_limit,Recherche dans la limite de sous-catégorie
checkout_with_whatsapp,Checkout avec WhatsApp
checkout_with_email,Checkout avec flux de transaction normal
one_page_checkout,Une caisse d'une page
multi_page_checkout,Checkout de page multiple
err_choice_one,S'il vous plaît choisir une «paiement d'une page» ou «checkout multiple de page»
checkout_with_whatsapp_des,L'utilisateur fera la vérification de la demande WhatsApp. Les données de transaction ne stockeront pas dans le backend.
checkout_with_email_des,Flux de transaction par défaut.
one_page_checkout_des,Il montrera une simple caisse d'écran. C'est pour une caisse facile.
multi_page_checkout_des,"Il montrera la bille de base de l'étape. Ainsi, l'utilisateur verra plusieurs écran lors de la commande."
deliboy_cost_setting,Réglage des coûts de livraison
deliboy_ass_setting,Réglage de l'affectation de livraison
deli_auto_assign,Attribuer automatiquement au garçon de livraison
deli_manual_assign,Assign manuel au garçon de livraison
how_many_deli_to_broadcast,Combien de livreurs à diffuser
mobile_setting_module,Paramètres mobiles
price_format,Format de prix
price_format_desc,"Vous devez changer en fonction de votre format dont vous avez besoin (par exemple "",##0.00"" => 2,555.00, ""##0.00"" => 2555.00, "".00"" => 2555.00, "",##0"" => 2,555, "",##0.0"" => 2 555.0)"
date_format,Format de date
google_playstore_url,URL de la boutique Google Play
apple_appstore_url,URL de l'App Store d'Apple
ios_appstore_id,Identifiant de l'App Store IOS
default_order_time,Délai de commande par défaut (minutes)
fb_key,Clé Facebook
is_show_token_id,"ID de jeton activé ? (Si ce paramètre est ""Activé"", l'utilisateur peut afficher l'identifiant du jeton dans le paramètre de notification.)"
is_show_subcategory,"Sous-catégorie activée ? (Si ce paramètre est ""Activé"", la sous-catégorie peut être utilisée dans l'application.)"
is_use_thumbnail_as_placeholder,"Utiliser la miniature comme paramètre d'espace réservé activé ? (Si ce paramètre est ""Activé"", il chargera d'abord l'image miniature, puis l'image complète. Ou si ce paramètre est ""Désactivé"", il chargera directement l'image complète et pour l'image d'espace réservé, il utilisera l'image d'espace réservé par défaut.)"
admob_section,Configuration d'AdMob
is_show_admob,"Paramètre AdMob activé ? (Si ce paramètre est ""Activé"", l'application affichera des publicités.)"
lang_section,Configuration de la langue
default_language,Langage par défaut
exclude_language,Langues disponibles
exclude_lang_desc,"(Si la langue est ""On"", l'utilisateur peut utiliser cette langue dans l'application.)"
default_currency_section,Configuration de devise par défaut
default_razor_currency,Devise de rasoir par défaut
is_razor_support_multi_currency,"Razor prend en charge plusieurs devises activées ? (Si ce paramètre est ""Activé"", vous pouvez accepter le paiement par rasoir en plusieurs devises dans l'application.)"
default_flutter_wave_currency,Devise Flutterwave par défaut
login_section,Configuration de la connexion
show_facebook_login,"Connexion Facebook activée ? (Si ce paramètre est ""Activé"", les utilisateurs peuvent être connectés avec Facebook.)"
show_google_login,"Connexion Google activée ? (Si ce paramètre est ""Activé"", les utilisateurs peuvent être connectés avec Google.)"
show_phone_login,"Phone Login On? (If this setting is ""On"", the users can be logged in with a phone number.)"
show_main_menu,"Main Menu On? (If this setting is ""On"", the user can view the ""Main Menu"" tab in each shop.)"
show_special_collections,"Collections spéciales activées ? (Si ce paramètre est ""Activé"", l'utilisateur peut afficher l'onglet ""Offres spéciales"" dans chaque boutique.)"
show_featured_items,"Articles en vedette activés ? (Si ce paramètre est ""Activé"", l'utilisateur peut afficher les ""Articles en vedette"" dans chaque boutique.)"
show_best_choice_slider,"Curseur de meilleur choix activé ? (Si ce paramètre est ""Activé"" lorsque l'utilisateur ouvre l'application, l'utilisateur peut afficher les meilleures collections de choix avec la vue du curseur.)"
default_loading_limit,Limite de chargement par défaut
category_loading_limit,Limite de chargement de catégorie
collection_product_loading_limit,Limite de chargement des produits de collection
discount_product_loading_limit,Limite de chargement des produits à prix réduit
feature_product_loading_limie,Limite de chargement des produits en vedette
latest_product_loading_limit,Dernière limite de chargement de produit
shop_loading_limit,Limite de chargement de la boutique
trending_product_loading_limit,Limite de chargement des produits tendance
default_limit_section,Configuration de la limite par défaut
dasboard_section,Configuration du tableau de bord
date_format_desc,"dd pour le jour, MM pour le mois, yyyy pour l'année, hh pour l'heure, mm pour la minute, ss pour la seconde (par exemple dd-MM-yyy hh:mm:ss)"
app_config_info_lable,Informations sur les paramètres mobiles
loc_section,Configuration de l'emplacement
success_mobile_edit,Le paramètre mobile a été mis à jour avec succès.
success_mobile_add,Le paramètre mobile a été ajouté avec succès.
err_default_lang,Veuillez indiquer la langue par défaut.
err_default_loading_limit_zero,La limite de chargement par défaut ne peut pas être nulle.
err_default_loading_limit,Veuillez indiquer la limite de chargement par défaut.
err_category_loading_limit,Veuillez indiquer la limite de chargement de la catégorie
err_category_loading_limit_zero,La limite de chargement de la catégorie ne peut pas être nulle.
err_collection_product_loading_limit,Veuillez indiquer la limite de chargement des produits de la collection.
err_collection_product_loading_limit_zero,La limite de chargement des produits de la collection ne peut pas être nulle.
err_discount_product_loading_limit,Veuillez indiquer la limite de chargement du produit à prix réduit.
err_discount_product_loading_limit_zero,La limite de chargement du produit à prix réduit ne peut pas être nulle.
err_feature_product_loading_limit,Veuillez fournir la limite de chargement du produit en vedette.
err_feature_product_loading_limit_zero,La limite de chargement des produits en vedette ne peut pas être nulle.
err_latest_product_loading_limit,Veuillez fournir la dernière limite de chargement du produit.
err_latest_product_loading_limit_zero,La dernière limite de chargement de produit ne peut pas être nulle.
err_shop_loading_limit,Veuillez indiquer la limite de chargement de la boutique.
err_shop_loading_limit_zero,La limite de chargement de la boutique ne peut pas être nulle.
err_trending_product_loading_limit,Veuillez indiquer la limite de chargement du produit tendance.
err_trending_product_loading_limit_zero,La limite de charge de produit tendance ne peut pas être nulle.
err_default_order_time,Veuillez indiquer l'heure de commande par défaut.
err_default_order_time_zero,Le temps de commande par défaut (minutes) ne peut pas être nul.
err_google_playstore_url,Veuillez fournir l'URL de Google Play Store.
err_apple_appstore_url,Veuillez fournir l'URL de la boutique d'applications Apple.
err_ios_appstore_id,Veuillez fournir un identifiant de magasin d'applications ios.
err_price_format,Veuillez indiquer le format du prix.
err_date_format,Veuillez indiquer le format de la date.
err_fb_key,Veuillez fournir une clé facebook.
default_lang_select,Sélectionnez la langue par défaut
route_name_label,Nom de l'itinéraire
deliboy_label,Livreur
total_amount_label,Montant total
added_date_label,Date d'ajout
send_with_this_route,Envoyer avec cet itinéraire
add_route_label,Ajouter un itinéraire de commande
btn_send,Envoyer
note_label,Noter
order_route_info_label,Informations sur l'itinéraire de la commande
order_route_add,Ajouter un itinéraire de commande
btn_proceed,Procéder
btn_paused,En pause
sch_detail,Planifier le détail des commandes
go_route_to_deliver_order_label,Aller Routes pour livrer
btn_deliver,Livrer
schedule_payment_method,Mode de paiement
schedule_memo,Note
schedule_delivery_pickup_date,Date de ramassage de la livraison
schedule_delivery_pickup_time,Heure de ramassage de la livraison
schedule_day,Horaire Jour
schedule_time,Horaire
shcedule_detail,Planifier le détail de la commande
schedule_orders_search,Planifier la recherche de commandes
about_location_section,À propos de la section Emplacement
success_route_edit,L'ordre de routage a été mis à jour avec succès.
success_route_add,L'ordre de routage a été créé avec succès.
please_select_order,Sélectionnez une commande svp
proceed_label,Procéder
paused_label,En pause
route_order_search,Recherche d'itinéraires de commande
order_route_add,Ajouter un itinéraire de commande
route_edit,Modifier l'itinéraire de la commande
success_qty_edit,La quantité a été mise à jour avec succès.
err_qty_edit,La mise à jour de la quantité comporte quelques erreurs.
order_route_sch_detail,Détail des itinéraires de commande
success_route_delete,L'ordre de routage a été supprimé avec succès.
success_route_order_send,L'ordre de routage a été envoyé avec succès avec cet itinéraire.
paused_all_route,Toutes les commandes programmées sont en pause ou aucune commande dans cet itinéraire.
delete_order_route_label,Supprimer l'ordre de routage ?
order_route_yes_all_message,"Lors de la suppression de cet itinéraire, toutes les données associées seront également supprimées. Alors, voulez-vous toujours le supprimer ?"
send_order_route_label,Envoyer l'ordre d'itinéraire ?
send_order_route_message,"Lors de l'envoi de cet itinéraire, toutes les commandes planifiées de cet itinéraire seront enregistrées en tant que transactions avec le statut de ramassage pour livraison."
delete_schedule_order_label,Supprimer la commande planifiée ?
schedule_order_yes_all_message,"Lors de la suppression de cette commande planifiée, les détails de la commande associée seront également supprimés. Alors, voulez-vous le supprimer ?"
delivery_boy_label,Livreur
schedule_status_label,Statut
deliver_to_user,Livrer à l'utilisateur
btn_delivered,Livré
delivered_to_user,Livré
go_back_sch_order,Retourner aux commandes planifiées
prd_not_available,Le produit n'est pas disponible.
success_location_update,L'emplacement a été mis à jour avec succès.
not_deliboy,Vous n'êtes pas un livreur.
success_accept_order,Cette commande a été acceptée.
already_deliboy_assigned,Cette commande a déjà été acceptée par d'autres livreurs.
btn_accept,J'accepte
btn_reject,Rejeter
btn_detail,Détail
accept_order_label,Accepter la commande
reject_order_label,Refuser la commande
order_detail_label,Détails de la commande
delivery_boy_name_label,Nom de livraison
delivery_phone_label,Téléphone de livraison
new_orders,Nouvelles commandes
ongoing_orders,Commandes en cours
order_status_label,Statut de la commande
btn_retrigger,Redéclencher
retrigger_label,Redéclencher
assign_to_delivery_boy_label,Attribuer au livreur
btn_assign_to_deliboy,Attribuer au livreur
new_order_detail,Nouveau détail de la commande
ongoing_order_detail,Détail de la commande en cours
assign_deliboy,Affecter livreur
new_order_to_detail,Nouvelle commande à livrer
record_not_pagination,"Désolé, plus d'enregistrement dans le système."
err_title,Veuillez remplir le titre.
err_len_title,La longueur du titre doit être supérieure à 4.
enter_shop_name,Entrez le nom de la boutique
pls_prd_desc,S'il vous plaît Description du produit
from,À partir de
to,Pour
about_app,À propos de l'application
api_setting,Paramètre API
push_noti,Notification push
have_order_deliver,Vous avez la commande à livrer.
reservation_status_change,Le statut de la réservation a été changé en
payment_cur_status,Le statut de paiement de votre commande est
order_status_changed_to,Le statut de la commande a été changé en
delivery_cur_status,Le statut de livraison de votre commande est
fail_push_noti,Échec de la notification push.
fail_push_all_android,Échec de pousser tous les appareils Android.
because_db_err,à cause d'une erreur de base de données.
because_miss_cat,à cause de la catégorie manquante.
because_miss_cat_thumb_upload,à cause de l'image de catégorie manquante dans le dossier 'uploads/thumbnail'.
because_miss_cat_upload,à cause de l'image de catégorie manquante dans le dossier 'uploads'.
because_miss_cat_name,à cause du nom de catégorie manquant.
total_cat,Catégorie totale :
success_cat,Catégorie de réussite :
fail_cat,Catégorie d'échec :
required_platform,Plate-forme requise
required_user_id,ID utilisateur requis
res_send_email_to_user_shop,La réservation est soumise avec succès. E-mail envoyé avec succès à l'utilisateur et à la boutique.
res_not_send_email_to_shop,La réservation est soumise avec succès. L'e-mail ne peut pas être envoyé à la boutique.
res_not_send_email_to_user,La réservation est soumise avec succès. L'e-mail ne peut pas être envoyé à l'utilisateur.
res_not_send_email_to_user_shop,La réservation est soumise avec succès. L'e-mail ne peut pas être envoyé à la fois à l'utilisateur et à la boutique
reservation_submit_error,La soumission de la réservation comporte des erreurs.
cust_info,Informations client
cust_loc,Localisation du client
invoice_label,Facturer
account_label,Compte
id_label,identifiant
color_label,Couleur
err_key,Veuillez remplir la clé.
err_len_key,La longueur de la clé doit être supérieure à 4.
remove_label,Retirer
org_img_size,Taille de l'image d'origine
thumb_img_size,Taille de l'image miniature
demo_dummy_refresh_hour,"Veuillez noter que le backend est un mode démo, donc toutes ces données factices seront actualisées toutes les heures."
sys_err_occur_admin,Une erreur système s'est produite. Veuillez contacter votre administrateur système.
form_data_submit_server,Les données du formulaire sont soumises au serveur
selected_row_data,Données des lignes sélectionnées
err_push_msg,Veuillez remplir le message push.
err_len_push_msg,La longueur du message doit être supérieure à 1.
start_upload,Commence le téléchargement
cancel_upload,Annuler le téléchargement
add_files,Ajouter des fichiers
btn_start,Démarrer
processing_label,Traitement
btn_default,Défaut
approved_label,Approuvé
rejected_label,Rejeté
select_label,Sélectionner
reject_label,Rejeter
pending_label,En attente
all_label,Tous
err_image,Veuillez remplir la photo de téléchargement.
f_err_paypal_trans,La transaction Paypal a échoué.
active_orders_label,Commandes actives
back_to_shop_list,Retour à la liste de magasin
err_reservation_date,Veuillez remplir la date de réservation.
payment_setting,Paramètre de paiement
order_setting,Réglage de la commande
delivery_setting,Paramètre de livraison
checkout_setting,Paramètre de paiement
policy_and_terms,Politique et conditions
sending_email_setting,Paramètre d'envoi d'e-mail (pour SMTP)
tax_label,Impôt
currency_setting,Paramètre de devise
low_label,Meugler
medium_label,Moyen
high_label,Haut
coupon_module,Coupon
usr_shop_module,Boutique de l'utilisateur
news_feed_module,Fil d'actualité
prd_dis_module,Produits et réductions
prd_collect_module,Produits et Collections
shipping_method_module,méthodes de livraison
watch_list,Liste de surveillance
go_to_dashboard,Aller au tableau de bord
frontend_config_label,Informations sur la configuration frontale
map_key,Carte clé
enable_notification,Est la notification d'activation?
fcm_server_key,Touche Server FCM
firebase_web_push_key_pair,Firebase Web Push Key paire
ad_client,Client
ad_slot,Fente
copy_right,حقوق النشر
google_play_url,Google Play Url
app_store_url,URL de l'App Store
google_setting,Réglage de Google
app_store_setting,Définition de l'App Store
banner_src,Bannière src
google_map,Google Map
open_street_map,Carte de rue ouverte
image_limit,Limite d'image
success_frontend_edit,La configuration frontale a été mise à jour avec succès.
success_frontend_add,La configuration frontale a été ajoutée avec succès.
show_user_profile,Afficher le profil d'utilisateur?
is_enable_video_setting,Activer le réglage vidéo?
err_map,S'il vous plaît fournir une clé de carte
err_price_format,S'il vous plaît fournir un format de prix
err_fcm_server_key,Veuillez fournir la clé de serveur FCM
err_firebase_web_push_key_pair,Veuillez fournir une paire de touches de push Web Firebase Web
err_ad_client,S'il vous plaît fournir un client ad
err_copy_right,S'il vous plaît fournir une copie juste
err_google_play_url,Veuillez fournir URL Google Play
err_ad_slot,S'il vous plaît fournir une machine à sous
err_app_store_url,Veuillez fournir URL de l'App Store
err_banner_src,S'il vous plaît fournir une bannière src
frontend_setting_module,Frontend
gps_enable,est Activer le GPS ?
noti_sent_success,Noti a été envoyé avec succès à
btn_create_thumbnail,Vignette (1x2x3x) Générateur
generate_thumbnail_label,Il générera les images miniatures pour chaque élément. Veuillez noter que ce processus prendra un certain temps en fonction de vos données.
thumbnail_generators_lng,Générateur de vignettes
thumbnail_generators_module,Générateurs de vignettes
success_img_create,L'image miniature a été générée avec succès.
create_thumb3x_folder,"Veuillez créer le dossier ""thumbnail3x"" sous le dossier de téléchargement."
create_thumb2x_folder,"Veuillez créer le dossier ""thumbnail2x"" sous le dossier de téléchargement."
thumb_2x_label,Vignette 2x Taille de l'image
thumb_3x_label,Vignette 3x Taille de l'image
success_deliboy_delete,Le livreur a été supprimé avec succès.
not_deli_boy,Ce n'est pas un compte de livreur.
invalid_user_id,Utilisateur invalide.
success_user_delete,L'utilisateur a été supprimé avec succès.
not_user,Cet utilisateur n'est pas un utilisateur enregistré.
deleted_user,(Cet utilisateur est supprimé.)
deleted_deliboy,(Ce livreur est supprimé.)
deliboy_trans_deleted,(Le livreur de cette transaction a été supprimé.)
shop_deliver_around,Cette boutique livrant autour
of_label,de