key,valor
site_name,Flutter Multi Restaurant
setting_label,Configuração
lbl_search_shop,pesquisa Loja
status_label,transações Estado
trans_detail,Detalhes da transação
shops_unpublish_list_label,Lista de Loja inédito
btn_create_new_shop,Criar Nova Loja
btn_shop_list,Lista de Loja Unpublish
btn_push_notification,push Notification
btn_system_user,Usuário do sistema
btn_export_database,Banco de Dados de exportação
btn_about_app,Sobre App
address_label,Endereço
lbl_about_shop,Sobre Loja
lbl_categories,categorias
user_email,O email
user_password,Senha
sign_in,Assinar em
total_users_count_label,Total de usuários
total_cat_count_label,Total de Categorias
total_wallpaper_count_label,Total de papéis de parede
total_contact_label,Total de Mensagens de Contato
btn_search,Procurar
back_shop_list,Lista Shop Voltar
err_image_missing,Nenhum arquivo é carregado
about_info,Sobre Informação
allowed_modules,Módulo permitido
shop_name,Nome da loja
add_more_color,Adicionar mais cor
color_code,Cor produto
product_title,Título
product_desc,Descrição
add_more_spec,Adicionar mais Specification
prd_specification,Especificação do produto
product_name_count,Conde Nome do produto
select_multiple_images,Por favor seleccione várias imagens do produto.
noti_add,Adicionar Notis
prd_unit,Unidade produto
prd_measurement,Medição do produto
noti_search,pesquisa Noti
error_login,"Suas credenciais de login estão incorretas. Por favor, tente novamente."
profile_img,Imagem de perfil
cat_add,Adicionar categorias
wrn_no_data,Não há dados ainda
cat_name,Nome da Categoria
cat_img,categoria Foto
cat_info,categoria Informação
cat_ordering,Encomenda
cat_edit,Editar Categoria
success_cat_add,Categoria foi adicionada com sucesso
success_cat_edit,Categoria foi atualizada com sucesso
success_upload,A imagem foi atualizado com sucesso
delete_cat_label,Categoria de exclusão?
cat_yes_all_message,"Ao apagar esta categoria, ele irá apagar todas as categorias sub relacionados e produtos também. Então, você ainda deseja apagá-lo?"
success_cat_delete,Categoria foi excluído com sucesso
cat_search,pesquisa Categoria:
cat_icon,Ícone da categoria
btn_replace_icon,substituir Ícone
upload_icon,Carregar Ícone
about_upload_icon,Carregar Ícone
fav_upload_icon,Fav Ícone
sidebar_upload_icon,Logo Sidebar
btn_upload,Envio
err_cat_name,"Por favor, forneça nome da categoria"
err_cat_len,O comprimento do nome da categoria deve ser maior que 4
err_cat_exist,Nome da categoria já está existia no sistema
subcat_info,Sub Categoria Informação
subcat_name,Sub Categoria Nome
subcat_ordering,Sub Categoria Order
subcat_img,Categoria Sub Foto
subcat_icon,Sub Categoria Ícone
subcat_search,Pesquisar Sub Categoria
subcat_add,Adicionar Sub Categoria
subcat_edit,Editar Sub Categoria
success_subcat_edit,Sub categoria foi atualizada com sucesso
success_subcat_add,Sub Categoria foi adicionada com sucesso
success_subcat_delete,Sub Categoria foi excluído com sucesso
err_subcat_name,"Por favor, forneça sub nome da categoria"
err_subcat_len,O comprimento do Sub Categoria Nome deve ser maior que 4
err_subcat_exist,Sub Categoria Nome já está existia no sistema
delete_subcat_label,Excluir Sub Categoria?
subcat_delete_confirm_message,Tem certeza de que deseja excluir esta subcategoria?
subcat_yes_all_message,"Ao eliminar este sub-categoria, ele irá apagar todos os produtos relacionados também. Então, você ainda deseja apagá-lo?"
subcat_no_only_message,<B> Apenas Sub Categoria </ b> - Só Sub Categoria excluirá a partir do sistema.
subcat_yes_all_label,Sim Todos
subcat_no_only_label,Apenas Sub Categoria
select_subcat,Select Sub Categoria
select_cat,Selecione a Categoria
subcat_panel_title,Sub lista de categorias
Prd_search_cat,Escolha um nome de categoria
btn_reset,Redefinir
btn_yes,sim
upload_photo,upload de fotos
upload_button,Envio
replace_photo_button,Substituir Foto da capa
photo_desc_label,foto Descrição
del_cover_photo,Excluir Foto da capa
del_cover_photo_confirm,Tem certeza de que deseja apagar a foto?
del_icon_label,Ícone Excluir
del_icon_confirm,Tem certeza de que deseja excluir o ícone?
status,Status (É Publicar?)
dis_name,Nome de desconto
dis_add,add Descontos
dis_percent,Percentagem de desconto (%)
choose_prd_label,Escolha os produtos
dis_info,Informações desconto
dis_photo,Discount Foto
prd_name,Nome do Produto
prd_code,Código
product_price,Preço ($)
dis_add,add Descontos
success_dis_add,Descontos foi adicionada com sucesso
success_dis_edit,Descontos foi atualizado com sucesso
delete_dis_label,Descontos apagar?
dis_delete_confirm_message,Tem certeza que deseja excluir este Descontos?
dis_edit,Editar Descontos
err_dis_name,Forneça o nome de desconto
err_dis_percent,"Por favor, forneça Discount Percent"
err_dis_len,O comprimento de Nome de desconto deve ser maior do que 4
err_dis_exist,Discount nome já está existia no sistema
success_dis_delete,Descontos foi excluído com sucesso
discount_photo,Discount Foto
dis_search,pesquisa Discount
feed_add,Adicionar novos feeds
feed_info,Novos feeds Informations
feed_name,Nome de alimentação
feed_desc,alimentação Descrição
feed_edit,Editar Feeds
success_feed_add,Novas Feeds foi adicionada com sucesso
success_feed_edit,Novas Feeds foi atualizado com sucesso
err_dup_name,Nome já está existia no sistema
err_feed_exist,Alimentação nome já está existia no sistema
delete_feed_label,Excluir New Feeds?
feed_delete_confirm_message,Tem certeza que deseja deletar isto Novo Feeds?
success_feed_delete,Novas Feeds foi excluído com sucesso
f_item_cat_required,Selecione a categoria Nome
err_feed_len,O comprimento de alimentação Nome deve ser maior do que 4
err_feed_name,Forneça o nome de alimentação
feed_search,feed de pesquisa
feed_gallery,Galeria de alimentação
list_product_nav,produtos
prd_add,Adicionar Alimentos
att_add,Adicionar novo personalizado cabeçalho
add_att_detail,Adicionar Detalhe Novo personalizado
list_attribute_header,Personalizado Lista Header
wrn_no_data,Não há dados ainda
product_name,Nome do Produto
att_name,Personalizado Nome de cabeçalho
Prd_search_subcat,Select Sub Categoria Nome
Prd_search_dis,Selecionar tipo de desconto
product_gallery,Galeria de produtos
prd_info,informação do produto
rec_prd_info,Produtos Recentemente Adicionado
att_info,Informações personalizado
prd_desc,Descrição do Produto
prd_high_info,Informações Destaque do produto
prd_edit,Editar produto
prd_code,Código do produto
success_prd_add,Produto foi adicionado com sucesso
success_prd_edit,O produto tem sido atualizado com sucesso
success_upload,A imagem foi atualizado com sucesso
delete_prd_label,Excluir do produto?
prd_yes_all_message,"Ao eliminar este produto, ele irá apagar todas as categorias sub relacionados e categoria também. Então, você ainda deseja apagá-lo?"
success_prd_delete,O produto tem sido excluído com sucesso
prd_search,pesquisa de produto
btn_save_prd_att,Atributo Save & Ir para o Produto
btn_att_list,Save & Go To Food personalizado
btn_save_gallery,Lista personalizado
unit_price,Preço unitário
search_tag,Pesquisa Tag / Keyword
f_item_subcat_required,Selecione Sub Categoria Nome
f_item_discount_required,Selecione a categoria Nome
err_Prd_name,"Por favor, forneça o nome do produto"
err_Prd_len,O comprimento do nome do produto deve ser maior que 4
err_Prd_exist,Nome do produto já está existia no sistema
is_discount,É Discount?
is_featured,É destaque?
is_available,Está disponível?
order_by,Ordenar por
select_order,Select Order
from_price,De Preço
to_price,para Preço
shipping_cost,Frete
minimum_order,Ordem mínima
original_price,Preço original
err_access,"Desculpe, você não tem acesso a tomar esta ação"
err_model,erro de banco de dados ocorreu
err_sys,erro de sistema ocorreu
btn_edit,Editar
btn_update,Atualizar
btn_delete,Excluir
btn_publish,Publicar
no,Não
btn_save,Salve 
btn_cancel,Cancelar
btn_replace_photo,Substitua a foto
Remove,Retirar
success_img_delete,A imagem foi excluído com sucesso
trans_date_label,Encontro
success_user_add,Usuário do Sistema foi adicionado com sucesso
success_user_edit,Usuário do Sistema foi atualizado com sucesso
need_to_verify,"Sua necessidade de e-mail para verificar com o código de verificação. Por favor, dê uma olhada seu e-mail cadastrado."
count_detail,Condes de Detalhe
add_att_detail,Adicionar Detalhe personalizado
detail_label,Detalhe
att_edit,Editar personalizado
success_att_add,Personalizado foi adicionado com sucesso
success_att_edit,Personalizado foi atualizado com sucesso
delete_att_label,Excluir personalizado?
att_yes_all_message,"Ao eliminar este cabeçalho personalizado, ele irá apagar todos os detalhes personalizados relacionados também. Então, você ainda deseja apagá-lo?"
success_att_delete,Personalizado foi excluído com sucesso
att_delete_confirm_message,Você quer excluir todos os itens em que personalizadas juntos?
att_search,pesquisa personalizada
att_detail_search,Pesquisar Detalhe personalizado
att_price,Preço personalizado
list_attribute_detail,Lista Detalhe personalizado
selected_product_name,Selecionado Nome do produto
selected_attribute_header,Selecionado personalizado Nome de cabeçalho
att_detail_name,Personalizado Nome Detalhe
attribute_detail_extra_price,"(Se a sua carga preço adicional personalizado, forneça apenas o preço adicional Ele vai adicionar ao preço do alimento como automatically.It não substituir o preço do item Basta adicionar como preço adicional eg;... Price_total = Food_price + customized_additional_pirce)"
success_attdetail_edit,Detalhe personalizado foi atualizado com sucesso
success_attdetail_add,Detalhe personalizado foi adicionado com sucesso
attdetail_edit,Atualização personalizado Detalhe Informação
success_attdetail_delete,Detalhe personalizado foi excluído com sucesso
att_no_only_message,Apenas personalizado - único detalhe personalizado irá apagar a partir do sistema.
delete_attdetail_label,Excluir Detalhe personalizado?
err_att_name,Forneça o nome personalizado
err_att_len,O comprimento de Nome personalizado deve ser maior do que 4
err_att_exist,Personalizado nome já está existia no sistema
att_detail_info,Informações detalhadas personalizado
err_detail_name,Forneça o nome Detalhe Atributo
err_detail_len,O comprimento do Atributo Detalhe Nome deve ser maior que 4
err_detail_exist,Atributo Detalhe nome já está existia no sistema
collect_search,Procurar
collect_photo,coleção de fotografia
collect_name,Nome da colecção
collect_status,coleção Estado
collect_info,recolha de Informação
collect_ordering,Order coleção
collect_img,coleção de fotografia
collect_search,pesquisa Colecção
collect_add,Adicionar Colecção
collect_edit,Editar coleção
success_collect_edit,Coleção foi atualizada com sucesso
success_collect_add,Coleção foi adicionada com sucesso
success_collect_delete,Coleção foi excluído com sucesso
err_collect_name,"Por favor, informe o nome da coleção"
err_collect_len,O comprimento do nome de Coleção deve ser maior do que 4
err_collect_exist,Nome da coleção já está existia no sistema
delete_collect_label,Excluir Collection?
collect_delete_confirm_message,Tem certeza que deseja deletar essa coleção?
collect_yes_all_message,Sim All - Recolha e Itens excluirá a partir do sistema.
collect_no_only_message,Apenas Collection - Só Coleção excluirá a partir do sistema.
collect_yes_all_label,Sim Todos
collect_no_only_label,Apenas Colecção
please_select_product,"Por favor, selecione produtos"
api_info,Ajuste Api
api_order_by,Ordenar por
api_count,Conde Api
success_api_edit,Api configuração foi atualizado com sucesso
comm_user,Comercial
comm_desc,comentário Descrição
comm_date,Encontro
write_reply,Escrever um comentário resposta
btn_reply,Resposta
reply_cmt,comentar Responder
comm_search,Procurar
comment_header,Comentários
date,Encontro
reply,Resposta
like_product_name,Nome do Produto
like_user_name,Nome do usuário
fav_product_name,Nome do Produto
fav_user_name,Nome do usuário
trans_total_amount,Valor total
trans_discount_amount,desconto de Quantidade
trans_balance_amount,Valor do saldo
trans_billing_address,endereço de cobrança
trans_delivery_address,Endereço de entrega
btn_update,Atualizar
trans_search,Pesquisa Transações
btn_update,Atualizar
Prd_qty,Qtde
Prd_dis,Desconto(%)
Prd_amt,Montante
Prd_dis_price,Preço com desconto
trans_status,Transações Status:
success_trans_edit,Transações Estado foi atualizado com sucesso
Prd_name,Nome do Produto
Prd_price,Preço do produto
popular_cat_name,Popular Nome da Categoria
popular_cat_img,Categoria Popular Foto
view,Visão
popular_cat_search,Pesquisar Categoria Popular
popular_cat_view,Categoria mais popular
popular_cat_info,Categoria Informação Popular
popular_cat_icon,Popular Categoria Ícone
popular_prd_name,Popular Nome do produto
popular_prd_code,Popular Product Code
popular_prd_price,Popular Preço do produto
popular_prd_search,Pesquisar Popular Produtos
popular_prd_view,Mais Popular do produto
popular_prd_info,Popular Informações sobre o Produto
popular_subcat_name,Popular Sub Categoria Nome
popular_prd_desc,Descrição Popular Produtos
popular_prd_keyword,Populares Produto Palavras-chave
popular_prd_highlight,Destaque Popular Produtos
purchased_cat_name,Comprado Nome da Categoria
purchased_cat_img,Categoria comprada Foto
purchased_cat_view,A maioria Categoria Comprada
purchased_cat_info,Compra Categoria Informação
purchased_cat_icon,Compra Categoria Ícone
purchased_cat_search,Pesquisar Categoria Comprada
purchased_prd_name,Comprado Nome do produto
purchased_prd_code,Comprado Product Code
purchased_prd_price,Comprado Preço do produto
purchased_prd_view,Mais comprado produtos
purchased_prd_search,Pesquisar comprou um produto
purchased_subcat_name,Comprado Sub Categoria Nome
purchased_prd_desc,Descrição do produto comprado
purchased_prd_keyword,Comprou um produto Palavras-chave
purchased_prd_info,Compra Informações sobre o produto
purchased_prd_highlight,Destaque do produto comprado
total_revenue,Transações mensais
performance_label,Estatisticas
comment_label,Comente
prd_label,Contagem produtos
cat_label,categorias Contagem
subcat_label,Conde subcategoria
dis_label,Desconto
collect_label,Coleção
view_all_label,Ver tudo
transaction_table,Tabela transação
name_label,Nome
description_label,Descrição
phone_label,Telefone 1 (Padrão)
contact_email_label,email de contato
shop_cover_photo_label,Loja Tampa Photo Upload
shop_image_recommended_size,(Tamanho recomendado: 600 × 400)
find_location_label,Digite & Find localização do Google API
shop_lat_label,Latitude
shop_lng_label,Longitude
success_shop_add,Shop foi adicionado com sucesso
success_shop_edit,Shop foi atualizado com sucesso
delete_shop_label,Excluir Shop?
shop_info,Informações loja
delete_shop_confirm_message,"Tem certeza de que deseja excluir a loja, porque ele vai excluir?"
phone_label2,telefone 2
phone_label3,telefone 3
address_label1,Endereço 1
address_label2,Endereço 2
address_label3,endereço 3
shop_icon_photo_label,Loja Ícone Photo Upload
shop_image_recommended_size_icon,(Tamanho recomendado: 256 × 256)
about_mess_label,Mensageiro
about_chart_section,Informações bate-papo
stripe_label,[Opção 1]: Pagamento com listra
stripe_publishable_key,Chave publicável
stripe_secret_key,Chave secreta
stripe_enable_label,Está ativado Stripe pagamento?
stripe_enable_label,Está ativado Stripe pagamento?
paypal_label,[Opção 2]: Pagamento com Paypal Ativado
paypal_env_label,Paypal Ambiente
paypal_merchant_label,Paypal Merchant ID
paypal_pub_label,Paypal Chave Pública
paypal_pri_label,Paypal Chave Privada
paypal_enabled_label,Paypal está ativado?
bank_transfer_label,[Opção 3]: O pagamento por transferência bancária
bank_account_label,Conta bancária
bank_name_label,Nome do banco
bank_code_label,Código bancário
branch_code_label,Código da Agência
swift_code_label,Código Swift
bank_enable_label,Está ativado transferência bancária?
cod_label,[Opção 4]: Pagamento com dinheiro na entrega
cod_email_label,E-mail de confirmação do COD
cod_enable_label,Está ativado Cash On Delivery?
currency_symbol_label,"Símbolo de moeda (por exemplo, $)"
currency_form_label,Moeda Short Form (eg; USD)
sender_email_label,Email Sender conta (por SMTP)
btn_add_new,Adicionar novos usuários
user_name,Nome do usuário
user_edit,Editar usuário
user_info,Informação do usuário
user_add,adicionar usuários
role_label,Papel do usuário
conf_password,Confirme a Senha
select_shop_label,"Se o usuário é 'Comprar Admin', selecione 'Comprar' para atribuir"
contact_name,Nome de contato
contact_email,email de contato
success_contacts_delete,Contato foi excluído com sucesso
delete_contact_label,Excluir contatos?
contact_delete_confirm_message,Tem certeza que deseja excluir este Contatos?
contact_info_label,Informações para contato Detalhe
contact_phone,Pessoa de Contato Telefone
about_contact_label,Sobre Contato Mensagem
lbl_view,Visão
back_button,Costas
contact_receive_message,Você recebeu um novo contato nós mensagem.
rating_product_name,Nome do Produto
rating_user_name,Nome do usuário
rating_value,Valor Classificação
rating_title,Título
pending_count,Pedido pendente
delivery_count,Pedido de entrega
completed_count,Ordem concluída
order_count,Ordem total
shipping_method_label,Selecione Padrão Método de Envio
shipping_method,Padrão Método de Envio
shop_tags,loja Etiquetas
overall_tax_label,Fiscal global (%)
shipping_tax_label,Imposto Shipping (%)
whapsapp_no_label,Número Whatsapp
refund_policy_label,Politica de reembolso
privacy_policy_label,Política de Privacidade
privacypolicy,termos e Condições
app_info_lable,Sobre Informação
about_title_label,Sobre Título
description_label,Sobre Descrição
about_email_label,Sobre Email
about_phone_label,Sobre telefone
about_website_label,Sobre site link
about_seo_section,Informações SEO
about_seo_title_label,SEO Título
about_seo_desc_label,SEO Descrição
about_seo_keywords_label,expressões SEO
about_social_section,Informações sociais
about_facebook_label,Facebook
about_gplus_label,Google+
about_instagram_label,Instagram
about_youtube_label,Youtube
about_pinterest_label,Pinterest
about_twitter_label,Twitter
about_color_section,Sobre Site Tema Cor
about_theme,Temas disponíveis
success_about_edit,Sobre é atualizado com êxito
about_ads_analyt,Google Analytic & anúncios Configuração
about_ads_client,anúncios cliente
about_ads_slot,anúncios de entalhe
about_analyt_track_id,Analytic Track ID
about_ads_on,Ativar Google Adsense
about_analyt_on,Ativar Google Analytic
about_img,Sobre Foto da capa
about_nav_icon,Ícone de navegação
about_fav_icon,Fav Ícone
about_backend_icon,para back-end
total_label,total:
device_label,Dispositivo
devices_label,Devices
registered_label,foi registrado para Push Notification
noti_info,push Notification
noti_message_label,mensagem
noti_message_tooltips,"Por favor, forneça o messsage para notificação push."
noti_send_btn,Enviar Push Notification
sorry_no_device,"Desculpe, não há nenhum dispositivo registrado para notificação Push."
select_cat,Selecione a Categoria
success_noti_add,Notificação foi adicionado com sucesso
success_noti_delete,Notificação foi excluído com sucesso
delete_noti_label,Notificação de exclusão?
noti_yes_message,Notificação sim- excluirá a partir do sistema.
push_message,Mensagem impulso
noti_des_label,Descrição
noti_img,notificação Foto
coupon_code_message,Cupom Código deve ser de pelo menos 4. Por exemplo; ACE1
coupon_amount_message,"O valor do desconto do cupom deve ser 10, 20, 30 .. Não é uma porcentagem."
coupon_add,add Coupon
coupon_info,Informações coupon
coupon_name,Nome coupon
coupon_code,Código do cupom
coupon_amount,Valor do cupom
coupon_edit,Editar Coupon
coupon_search,pesquisa Coupon
success_coupon_add,Cupom foi adicionada com sucesso
success_coupon_edit,Cupom foi atualizado com sucesso
success_coupon_delete,Cupom foi excluído com sucesso
delete_coupon_label,Cupom de exclusão?
coupon_delete_confirm_message,Tem certeza que deseja excluir este Cupom?
err_coupon_name,Forneça o nome Coupon
err_coupon_len,O comprimento de Cupão Nome deve ser maior do que 4
err_coupon_exist,Cupom nome já está existia no sistema
shipping_name,Nome de embarque
shipping_price,Preço
shipping_days,Dias
shipping_add,Adicionar Método de Envio
shipping_edit,Editar método de envio
shipping_search,Pesquisar Método de Envio
shipping_info,Método do transporte Informação
success_shipping_add,Método do transporte foi adicionado com sucesso
success_shipping_edit,Método do transporte foi actualizado com sucesso
success_shipping_delete,Método do transporte foi excluído com sucesso
err_shipping_name,"Por favor, forneça o transporte nome do método"
err_shipping_len,A duração do envio Nome do método deve ser maior que 4
err_shipping_exist,Envio Nome do método já está existia no sistema
delete_shipping_label,Excluir método de envio?
shipping_delete_confirm_message,Tem certeza que deseja excluir este método de envio?
tag_name,Nome do tag
tag_img,Marcar foto
tag_add,Adicionar etiqueta
tag_search,pesquisa Tag
tag_info,Informações tag
tag_icon,tag Ícone
err_tag_name,"Por favor, informe o nome da tag"
err_tag_len,O comprimento do Tag Nome deve ser maior que 4
err_tag_exist,Tag Nome já está existia no sistema
success_tag_add,Tag foi adicionada com sucesso
success_tag_edit,Tag foi atualizado com sucesso
success_tag_delete,Tag foi excluído com sucesso
delete_tag_label,Tag de exclusão?
tag_delete_confirm_message,Tem certeza que deseja excluir este Tag?
btn_version,Versão
ver_info,Versão informação
ver_no_label,Version No
ver_msg_label,versão Mensagem
ver_title_label,versão Título
ver_force_update,Atualização Força versão?
ver_need_data,Versão clara necessidade de dados?
success_version_add,Versão foi adicionada com sucesso
success_version_edit,Versão foi atualizada com sucesso
paypal_transaction_failed,"Desculpe, Paypal Transação falhou."
stripe_transaction_failed,"Desculpe, Stripe Transação falhou."
err_user_not_exist,"Desculpe, credenciais de login do usuário incorretas"
no_record,No More Registro
delete_register_user_label,Apagar Utilizador Registado?
register_user_delete_confirm_message,Tem certeza que deseja excluir este utilizador registado?
success_registered_user_delete,Utilizador Registado foi excluído com sucesso
success_user_delete,Usuário foi excluído com sucesso
user_ban,Ban usuário
user_ban_label,Banimento
user_unban,unban
err_user_banned,"Desculpe, você não pode entrar porque sua conta é proibido."
no_record,Não há mais registros
invalid_api_key,API Key é inválido
apikey_info,Api Informações Chave
key_label,Chave
success_apikey_edit,Api Key é atualizado com êxito
success_apikey_add,Api Key é adicionado com sucesso
err_user_email_exist,Usuário E-mail é já existem
trans_payment_method,Forma de pagamento :
trans_memo,Memo:
trans_item_sub_total,Item de Sub Total:
trans_coupon_discount_amount,Cupom de desconto Montante (-):
trans_overall_tax,fiscal global
trans_shipping_cost,O custo de expedição (Usando
trans_shipping_tax,Imposto de envio
trans_total_balance_amount,Total Saldo Valor:
order_desc,Encomendar de Flutter Multi Restaurant:
err_email_not_send_to_shop,"Desculpe, enviar e-mail não é capaz de enviar o proprietário da loja."
err_email_not_send_to_user,"Desculpe, enviar e-mail não é capaz de enviar ao cliente."
order_receive_subject,Nova ordem foi recebida
order_status_subject,status de Ordem foi alterado para
country_name,Nome do país
country_add,Adicione País
country_search,Pesquisar País
country_edit,Editar País
country_info,Informação sobre o País
success_country_add,País foi adicionada com sucesso
success_country_edit,País foi atualizado com sucesso
success_country_delete,País foi excluído com sucesso
delete_country_label,Cancelar País?
country_yes_all_message,"Ao excluir este país, ele irá apagar todas as cidades relacionadas e zonas também. Então, você ainda deseja apagá-lo?"
err_country_name,"Por favor, forneça o nome do país"
err_country_len,O comprimento do nome do país deve ser maior que 4
err_country_exist,País Nome já existia no sistema
city_name,Nome da Cidade
city_add,Adicionar Cidade
select_country,Selecione Nome País
city_search,Pesquisar Cidade
city_edit,Editar Cidade
city_info,Informações sobre a cidade
success_city_add,Cidade foi adicionada com sucesso
success_city_edit,Cidade foi atualizado com sucesso
success_city_delete,Cidade foi excluído com sucesso
delete_city_label,Excluir City?
city_delete_confirm_message,Tem certeza que deseja deletar essa City?
err_city_name,"Por favor, informe o nome da cidade"
err_city_len,O comprimento do nome da cidade deve ser maior que 4
err_city_exist,"Nome da Cidade, já existia no sistema"
f_item_country_required,"Por favor, selecione Nome País"
zone_name,Nome da zona
zone_search,pesquisa Zona
zone_add,Adicionar Zona
zone_edit,Editar Zona
zone_info,Informações zona
select_city,Selecionar Nome da Cidade (Multiple Select)
success_zone_add,Zona foi adicionado com sucesso
success_zone_edit,Zona foi atualizada com sucesso
success_zone_delete,Zona foi excluído com sucesso
delete_zone_label,Excluir Zone?
zone_delete_confirm_message,Tem certeza que deseja deletar essa Zone?
err_zone_name,"Por favor, forneça o nome da zona"
err_zone_len,O comprimento da Zona Nome deve ser maior que 4
err_zone_exist,Zone Name já está existia no sistema
f_item_city_required,"Por favor, selecione Nome da Cidade"
select_zone,selecione Zonas
shipping_zone_add,Adicionar envio Com Zona
shipping_zone_edit,Editar envio Com Zona
shipping_zone_search,Pesquisar envio Com Zona
shipping_zone_info,Envios Com Informações Zona
success_shipping_zone_add,Envio Com Zona foi adicionada com sucesso
success_shipping_zone_edit,Envio com a zona foi atualizada com sucesso
success_shipping_zone_delete,Envio Com Zona foi excluído com sucesso
delete_shipping_zone_label,Excluir envio Com Zone?
shipping_zone_delete_confirm_message,Tem certeza que deseja deletar essa envio Com Zone?
f_item_zone_required,"Por favor, selecione Nome da zona"
shipping_package_name,Envio Nome do pacote
need_to_enable_zone_shipping,Ative o transporte zona de envio Setting.
dup_zone_name,Zone Name já está existiu
you_selected,Você selecionou
per_order_based,Por ordem baseada
cost,Custo
per_item_based,Per Item Baseado
delivery_increment_of_zone,Entrega Incremento da Zona
based_cost,Custo baseado
take_prd_shipping_cost,Tome De Custo do produto Transporte
free_shipping,Envio Grátis
zone_from_other_package,Zona já é selecionado a partir de outro pacote.
increment_formula,Fourmula: (produto Transporte Custo) x (Increacement valor) x (Qtde)
increment_note,Nota: Necessidade de default conjunto é 1.
cat_module,categorias
contact_module,Fale Conosco Mensagem
system_user_module,Usuários do sistema
export_database_module,Banco de Dados de exportação
subcat_module,subcategorias
discount_module,descontos
blog_module,Blogs
product_module,Alimentos
collection_module,Colecções
noti_module,Notis
version_module,Versão
comments_module,Comentários
like_module,gostos
favourites_module,favoritos
transaction_module,transações
popular_prd_module,Alimentos Mais Populares
purchase_prd_module,A maioria dos alimentos comprados
popular_cat_module,A maioria das categorias populares
purchase_cat_module,A maioria das Categorias de Compra
rate_prd_module,Mais Votados produtos
coupon_dis_module,Cupom Descontos
shipping_module,método de envio
app_module,Sobre App
shop_module,Sobre Loja
register_user_module,Usuários registrados
api_key_module,chaves de API
countries_module,Países
cities_module,Cidades
zone_module,Zona
shipping_zone_module,Transporte com regiões
language_module,línguas
entry_group,Entrada
user_feedback_group,Feedback do usuário
user_mang_groups,Gestão de utilizadores
reports_group,Relatórios
miscellaneous_group,Diversos
setting_group,Configuração
second_ago,segundo
minute_ago,minuto
hour_ago,hora
day_ago,dia
week_ago,semana
month_ago,mês
year_ago,ano
decade_ago,década
just_now_label,Agora mesmo
ago_label,atrás
btn_active,Ativo
lang_string,Cordas idioma
lang_name,Nome do idioma
lang_add,Adicionar idioma
lang_info,informações língua
lang_symbol,Símbolo
lang_search,pesquisa Idioma
lang_edit,Editar Idioma
success_lang_edit,Idioma foi atualizado com sucesso
success_lang_add,Idioma foi adicionada com sucesso
success_lang_delete,Idioma foi excluído com sucesso
err_lang_name,"Por favor, forneça nome do idioma"
err_lang_len,O comprimento do Nome do Idioma deve ser maior que 4
err_lang_exist,Nome do Idioma já existia no sistema
delete_lang_label,Excluir idioma?
lang_delete_confirm_message,Você quer apagar todas as cordas sob que juntos idioma?
lang_yes_all_label,Sim Todos
lang_no_only_label,Apenas Língua
lang_yes_all_message,Sim All - Linguagem e Itens excluirá a partir do sistema.
language_id,Língua
lang_string_key,Chave
lang_string_value,Valor
lang_string_info,Informações sobre strings de idiomas
select_language,Idioma selecionado
btn_import,Importar
csv_symbol_link,arquivo CSV de exemplo aqui
lang_str_search,Cadeia de pesquisa Idioma
success_langstr_import,Cordas linguagem com sucesso arquivo CSV carregado
lang_str_add,Adicionar Cadeia Idioma
lang_str_edit,Edit String Idioma
success_lang_str_edit,Cordas linguagem foi atualizada com sucesso
success_lang_str_add,Cordas linguagem foi adicionado com sucesso
err_lang_str_name,"Por favor, forneça nome de cadeia idioma"
err_lang_str_len,O comprimento da corda linguagem deve ser superior a 4
err_lang_str_exist,Cordas idioma já está existia no sistema
lang_title,Deleted idioma?
lang_warning,Você não pode excluir idioma ativo.
btn_ok,Está bem
list_lang_label,línguas
list_lang_str_label,Cordas idioma
err_lang_symbol,"Por favor, forneça símbolo idioma"
pls_att_name,Por favor Atributo Detalhe Nome
remove_label,Retirar
btn_no,Não
pls_city_name,Agradar Nome da Cidade
pls_collect_name,Agradar Nome da colecção
pls_dis_percent,Por favor por cento de desconto
pls_prd_name,Por favor Nome do produto
pls_highlight_info,Por favor destacar informações
pls_code,Favor informar o código
pls_unit_price,Por favor Preço unitário
pls_shipping_cost,Por favor custos de envio
pls_minimum_order,Por favor Mínima
pls_prd_measurement,Por favor Medição produtos
pls_prd_unit,"Por favor, unidade de produto"
pls_search_tag,"Por favor, procure Tag"
pls_prd_desc,"Por favor, Descrição do produto"
pls_shipping_name,Agradar envio Nome do pacote
per_order_post,Por Pedido Custo
pls_sub_cat,Por favor Sub Categoria Nome
pls_zone_name,Agradar Zone Name
success_reset_email_sent,Repor-mail é enviado com sucesso
err_touch_count,Problema In Touch Contagem!
coupon_not_found,Seu código de cupom é inválido.
require_user_id,Necessário ID de usuário
require_platform,plataforma necessária
file_na,Não disponível
token_already_exist,"Desculpe, dispositivo já token de existir."
err_noti_register,"Desculpe, não é o problema de registro Push Notification."
success_noti_register,O seu dispositivo registrado com êxito para Push Notification.
success_noti_unregister,O seu dispositivo não registrado com sucesso para Push Notification.
err_noti_unregister,"Desculpe, não é o problema para cancelamento de registro Push Notification."
err_in_noti_read,"Desculpe, notificação não é capaz de ler."
success_touch_count,Toque em Contagem inserida com sucesso.
backend_setting_module,backend Configuração
backend_config_info_lable,Backend a informação da definição
sender_name_label,Nome do remetente
receive_email_label,Receber e-mail
sender_email_label,Email Sender
img_section,Seção imagem
fcm_api_key_label,chave api FCM
backend_login_img,Backend Entrada Imagem de Fundo
backend_logo,Logo backend
backend_fav_icon,Backend Fav Ico
upload_backend_logo,Logo Carregar Backend
upload_fav_icon,Carregar Fav Ícone
upload_login_img,Carregar Entrada Foto
pwd_reset_label,Redefinição de senha
pwd_reset_link,"Por favor, clique no seguinte link para redefinir sua senha"
reset_link_label,Password Reset
best_regards_label,Cumprimentos
hi_admin_label,oi administrador
name_label,Nome
email_label,O email
phone_label,telefone
msg_label,mensagem
bank_acc_label,Conta bancária :
bank_name_label,Nome do banco :
bank_code_label,Código bancário :
branch_code_label,Código da Agência
swift_code_label,Código Swift
pay_met_cod,Método de Pagamento: Dinheiro na Entrega
pay_met_paypal,Método de Pagamento: Paypal
pay_met_stripe,Método de Pagamento: Stripe
pay_met_bank,Método de Pagamento: Transferência Bancária <br>
price_label,Preço :
unit_label,Unidade
shipping_cost_label,Frete
qty_label,QTY
hi_label,Oi
order_receive_info,New Order é recebida com informações a seguir.
trans_code,Trans. Código
trans_status_label,Trans. estado
billing_cus_name,Faturamento Nome do cliente
billing_add1,Endereço de cobrança 1
billing_add2,Endereço de cobrança 2
billing_phone,faturamento de telefone
billing_email,faturamento Email
billing_shipping_name,Faturamento Shipping Name
shipping_add1,Endereço para envio 1
shipping_add2,Endereço para envio 2
shipping_phone,Envio de telefone
shipping_email,Envio-mail
memo_label,Memorando
zone_shipping,zona envio
prd_detail_info,Detalhes do produto informações em abaixo
sub_total,sub total
coupon_dis_amount,Cupom de desconto Montante (-)
overall_tax,Fiscal global (+)
shipping_cost,Custo de transporte (+)
shipping_tax,Imposto Shipping (+)
total_bal_amt,Total Saldo Valor
no_country_available,"Desculpe, os países de envio não estão disponíveis."
shop_label,lojas
user_label,Gestão de utilizadores
btn_contact,Fale Conosco Mensagem
btn_api_keys,chaves de API
btn_paypal_config,Configuração Paypal
trans_code_label,Código transação
lang_active,Ativo
shop_approve_label,Parabéns! Sua loja foi aprovado. Então você pode fazer o login com o e-mail cadastrado e senha.
shop_reject_label,"Desculpe! Sua loja foi rejeitada. Se você tiver alguma dúvida, por favor mande mensagem para contact@ps.com"
success_register_edit,Register loja foi atualizado com sucesso
success_register_add,Register shop foi adicionado com sucesso
btn_reject_shop,Rejeitar listas de Loja
shop_reg_label,"New shop foi registrado. Por favor, dê uma olhada mais detalhes abaixo de"
shop_phone_label,Phone Shop
shop_add_label,Shop Endereço
user_email_label,usuário E-mail
shop_reg_done,Sua loja foi registrado. Depois analisamos então poderíamos voltar para você para o resultado do processo de aprovação. Aqui estão algumas informações para sua loja
new_user_register,Novo Registro de Conta de Usuário
user_register_success_but_email_not_send,"registo de utilizador sucesso, mas email não enviar"
verify_code_sent,Código de verificação foi enviado
new_shop_register,New shop foi registrado.
success_shop_register,Sua loja foi registrado.
shop_approve,Sua loja foi aprovado.
shop_reject,Sua loja foi rejeitada.
no_record_found,nenhuma gravação encontrada
approval_shop_login,"Desculpe, sua loja não é ainda aprovar."
pls_shop_tag,"Por favor, escolha a sua loja"
f_user_pass_required,Digite o usuário senha
write_reply_label,Escreva uma resposta...
go_to_paypal_label,Ir para Paypal
f_shop_create_success_title,Felicitações!
f_shop_create_success_text,Sua loja foi registrado e nossa equipe aprovação irá analisá-lo. Você será notificado por e-mail se a sua loja registrado é aprovado.
go_to_shop_register,Ir para Loja Register
f_user_pass_length,O comprimento da senha do usuário deve ser maior que 4
f_user_conf_required,Digite o usuário Confirmar senha
f_user_conf_length,O comprimento do Usuário Confirmar senha deve ser maior que 4
err_description_label,"Por favor, forneça descrição"
err_shop_tag_label,"Por favor, forneça tag loja"
btn_approved_shop,aprovação Loja
select_status,Seleccione aprovado ou rejeitado?
paypal_success_label,Com sucesso Paypal !!!
btn_shop_tag,Tag loja
btn_register_user,Registrar Usuário
shop_name_label,Nome da loja
multiple_upload_module,Múltiplos produtos Carregar
analytics_module,analítica
success_rating_delete,Avaliação foi excluído com sucesso
no_country_available,Desculpe
rating_yes_all_message,Tem certeza que deseja deletar essa classificação?
delete_rating_label,Avaliação de exclusão?
success_trans_delete,Transação foi excluído com sucesso
trans_yes_all_message,Tem certeza que deseja deletar essa transação?
delete_trans_label,Transação de exclusão?
err_user_pass_len,O comprimento da senha do usuário deve ser maior que 4
err_user_pass_conf_bank,O comprimento do Usuário Senha Confirmar deve ser maior que 4
new_user_acc,"Sua nova conta de usuário foi criada. Bem-vindo ao Flutter Multi Restaurant. Por favor, verificada com o código a seguir para actived sua conta."
verify_code_label,Código Verificado
smtp_section,Configuração de SMTP
smtp_host_label,Anfitrião SMTP
smtp_host_placeholder,por exemplo: ssl: //smtp.hostmail.com
smtp_port_label,SMTP Número da porta
smtp_enable,SMTP Habilitar?
smtp_user_label,Usuário SMTP
smtp_pass_label,Senha SMTP
success_backend_edit,Backend configuração foi atualizado com sucesso
topics_label,tópicos
dashboard_label,painel de controle
back_to_shop,Voltar à lista de compras
lang_deactive,Desativada
err_symbol_exist,símbolo idioma já está existia no sistema.
paypal_info,Informação Paypal
price,Preço
currency_code,Código da moeda
api_username,Api Nome de Usuário
api_password,Api senha
api_signature,Assinatura Api
application_id,ID do aplicativo
developer_email_account,Conta desenvolvedor Email
sandbox,Caixa de areia
api_version,Api Versão
delete_system_user_label,Excluir usuário do sistema?
system_user_delete_confirm_message,Tem certeza de que deseja excluir este usuário do sistema?
entry_label,Entrada
trans_status_module,Status da transação
payment_status_module,Status do pagamento
deliboys_module,Gestão de entregadores
deli_status_title,Título
deli_status_add,Adicionar status de entrega
err_deli_status_name,Forneça o título do status de entrega
err_deli_status_len,O comprimento do Título do status de entrega deve ser maior que 4
err_deli_status_exist,Status de entrega da pesquisa
deli_status_search,Status de entrega da pesquisa
deli_status_edit,Editar status de entrega
success_deli_status_edit,O status da entrega foi editado com sucesso.
success_deli_status_add,O status de entrega foi adicionado com sucesso.
success_deli_status_delete,O status da entrega foi excluído com sucesso.
deli_status_yes_all_message,Tem certeza de que deseja excluir este status de entrega?
delete_deli_status_label,Excluir status da entrega?
pay_status_info,Informações sobre status de pagamento
err_pay_status_name,Forneça o título do status do pagamento
err_pay_status_len,A duração do status do pagamento deve ser maior que 4
err_pay_status_exist,O status do pagamento já existe.
pay_status_add,Adicionar status de pagamento
pay_status_search,Pesquisar status de pagamento
pay_status_edit,Editar status do pagamento
success_pay_status_edit,O status do pagamento foi editado com sucesso
success_pay_status_add,O status do pagamento foi adicionado com sucesso
success_pay_status_delete,O status do pagamento foi excluído com sucesso.
delete_pay_status_label,Excluir status do pagamento?
pay_status_yes_all_message,Tem certeza de que deseja excluir este status de pagamento?
trans_status_info,Informações sobre o status da transação
err_trans_status_name,Forneça o título do status da transação
err_trans_status_len,A duração do Status da transação deve ser maior que 4
err_trans_status_exist,O status da transação já existe
trans_status_search,Status da transação de pesquisa
trans_status_add,Adicionar status de transação
delete_trans_status_label,Excluir status da transação?
trans_status_edit,Editar status da transação
success_trans_status_edit,O status da transação foi editado com sucesso.
success_trans_status_add,A transação foi adicionada com sucesso.
success_trans_status_delete,O status da transação foi excluído com sucesso.
trans_status,Status das transações:
trans_status_yes_all_message,Tem certeza de que deseja excluir este status da transação?
deli_status_ordering,Encomenda
final_stage,Estágio final
final_stage_delete,O estágio final não pode ser excluído.
start_stage_delete,O estágio inicial não pode excluir.
add_on_module,Adicionar
shipping_areas_module,Área de despacho
app_configs_module,Configuração de aplicativo
food_add_img,Adicionar imagem
food_add_name,Add On Name
food_add_description,Descrição
food_add_price,Preço
food_additional_info,Informações Adicionais
err_food_add_name,Forneça o nome Add On.
err_food_add_len,O comprimento do nome do complemento deve ser maior que 4
err_food_add_exist,O nome Add On já existe
food_additional_add,Adicionar Add On
additional_search,Pesquisar Add On
additional_edit,Editar Add On
success_additional_edit,O complemento foi atualizado com sucesso.
success_additional_add,Add On foi adicionado com sucesso.
success_additional_delete,O complemento foi excluído com sucesso.
prd_addon_label,Selecione Add On
prd_ordering,Encomenda
prd_ingredient,Ingrediente
prd_nutrient,Nutriente
shipping_areas_module,Área de despacho
shp_area_price,Preço
err_shp_area_name,Nome da área de envio
shp_area_info,Informações sobre a área de remessa
shp_area_add,Ajouter une zone d'expédition...
err_shp_area_exist,A área de expedição já existe
success_shp_area_edit,A área de expedição foi editada.
shp_area_edit,Editar área de expedição
success_shp_area_add,A Área de expedição foi adicionada com sucesso.
success_shp_area_delete,A área de expedição foi excluída.
shp_area_name,Nome da área
shp_area_search,Pesquisar Área de expedição
err_shp_area_len,O comprimento da área de expedição deve ser maior que 4
delete_shp_area_label,Excluir área de expedição?
shp_area_delete_confirm_message,¿Estás segura de eliminar esta Área de envío?
fcm_api_key_deli_boy_label,fcm_api_key_deli_boy_label
policy_info,policy_info
content_label,content_label
privacy_policy_module,privacy_policy_module
success_policy_edit,success_policy_edit
success_policy_add,success_policy_add
not_yet_activate,not_yet_activate
user_status,status do usuário
order_submit,order_submit
deliveried,deliveried
price_level,nível de preço
highlighted_info,highlighted_info
deli_status_module,deli_status_module
payment_status_module,payment_status_module
delete_deliboy_label,delete_deliboy_label
deliboy_delete_confirm_message,deliboy_delete_confirm_message
success_deliboy_delete,success_deliboy_delete
restaurant_version,Flutter Restaurant Versão
deliboy_version,Delivery Boy Version
razor_enabled_label,Está ativado Navalha?
razor_label,[Option 6]: Pagamento Com Navalha
razor_key_label,navalha Key
banktransfer_label,[Option 3] : Payment With Bank Transfer
module_group_lang,Grupo de módulos
group_name,Nome do grupo de módulos
group_icon,Ícone do grupo de módulos
group_lang_key,Chave de idioma
group_info,Informações do grupo de módulos
group_search,Grupo de módulos de pesquisa
group_add,Adicionar grupo de módulos
success_group_edit,O grupo de módulos foi editado com sucesso
success_group_add,O grupo de módulos foi adicionado com sucesso
group_edit,Editar grupo de módulos
success_group_delete,O grupo de módulos foi excluído com sucesso
err_group_name,Forneça o grupo de módulos
err_group_len,O comprimento do nome do grupo de módulos deve ser maior que 4
err_group_exist,O nome do grupo de módulos já existe
module_lang,Módulo
module_desc,Descrição
module_ordering,Encomenda
module_add,Adicionar módulo
module_info,Informações do módulo
module_name,nome do módulo
is_show_on_menu,Mostrar no menu?
module_lang_key,Chave de idioma do módulo
module_select_group,Selecionar grupo de módulos
delete_module_label,Excluir módulo?
module_delete_confirm_message,Tem certeza de que deseja excluir este módulo?
delete_group_label,Excluir grupo de módulos?
group_delete_confirm_message,Tem certeza de que deseja excluir este grupo de módulos?
err_module_name,Forneça o nome do módulo
err_module_len,O comprimento do nome do módulo deve ser maior que 4
err_module_exist,O nome do módulo já existe
module_search,Nome do módulo de pesquisa
success_module_edit,O módulo foi atualizado com sucesso.
success_module_add,O módulo foi adicionado com sucesso.
module_edit,Módulo de edição
success_module_delete,O módulo foi excluído com sucesso.
payment_not_select,Selecione Pagamento
about_location_section,Informação local
opening_hour_label,Hora de abertura
closing_hour_label,fechando hora
closed_date_label,Closed Data
closed_date_example,"Para, por exemplo; Fechou em Todos os domingos"
rest_lat_label,Latitude
rest_lng_label,Longitude
user_phone_label,Telefone usuário
about_me,Sobre mim
deliboy_info,Entrega de informação Boy
user_phone,telefone
product_price,Preço do produto
product_title,Título
product_desc,Descrição
select_pay_status,Selecione Status de Pagamento
select_deli_boy,Select Delivery Boy
trans_prd_checkout,"Desculpe, um dos produtos selecionados não está disponível em nosso sistema."
err_user_name_blank,"Por favor, forneça o nome de usuário"
err_user_pass_blank,"Por favor, forneça a senha do usuário"
err_user_pass_conf_blank,"Por favor, forneça a senha de confirmação do usuário"
err_user_pass_conf_not_match,Sua senha e senha de confirmação não são correspondidos
err_user_name_len,O comprimento do Nome de Usuário deve ser maior que 4
err_user_email_invalid,"Desculpe, o seu e-mail é inválido"
user_mang_group,Gerenciamento de usuários
img_configuration,Configuração de imagem
land_width_label,Largura Paisagem
potrait_height_label,Altura do Retrato
square_label,Altura Quadrada
err_shop_name,"Por favor, informe o nome da loja."
err_shop_len,O comprimento da Loja Nome deve ser maior que 4.
err_shop_exist,nome da loja já está existia no sistema.
user_banned,"Desculpe, sua conta é proibido."
err_user_not_existed,Sua conta não está existia no sistema.
err_lat_lng,Latitude e Longitude não deve ser 0.0.
no_record_pagination,"Desculpe, não há mais registro no sistema."
email_verification_enabled,-Mail de verificação Activado?
minimum_order_amount,Ordem Mínima Quantidade
approve_message_1,Felicitações! Entrega aprovado Boy (
approve_message_2,)
reject_message_1,Desculpe! Entrega rejeitado Boy (
reject_message_2,)
trans_shop_checkout,"Desculpe, uma de suas lojas selecionadas não estão disponíveis em nosso sistema."
banusers_module,Ban Lista Usuários
btn_view,Visão
btn_back,Costas
additional_delete_confirm_message,Tem certeza que deseja excluir este alimento adicional?
delete_additional_label,Excluir alimento adicional?
btn_shop_rating,loja de Avaliação
rating_shop_name,Classificado Name Shop
rating_description,Avaliação Descrição
shop_rate_info,Classificado Informação Loja
error_deli_boy,"Desculpe, Você não tem acesso para acessar Backend"
user_auto_approved,Sua nova conta de usuário foi criada. Bem-vindo ao Flutter Multi Restaurant.
reservation_lang_module,Reservas
restaurant_branches_module,Filiais de restaurantes
success_res_edit,Reservation haA reserva foi atualizada com sucesso
success_res_add,A reserva foi adicionada com sucesso
resv_info,Informação de reserva
resv_date_label,Data de reserva (DD / MM / AAAA)
resv_time_label,Tempo de reserva (HH: MM) Formato de 24 horas
reserved_by,Reservado por
resv_note,Nota adicional
resv_status,Status de reserva
trans_delivery_pickup_date,Data de coleta da entrega:
trans_delivery_pickup_time,Horário de coleta da entrega:
pickup_message,Retirar Mensagem
pickup_label,[Opção 6]: Pagamento com retirada
pickup_enabled,O Pick Up está ativado?
cus_pick_up_order,O cliente retirará este pedido.
success_logout,Usuário tem sido sucesso de logout.
paystack_setting,Paystack Configuração
paystack_label,[Option 7]: Pagamento com Paystack
paystack_key_label,Paystack Key
paystack_enabled_label,Paystack está ativado?
btn_duplicate,Duplicada
success_prd_duplicate_add,O item duplicado foi adicionado com sucesso
maximum_order,Order máxima
pls_maximum_order,Agradar máxima Order
deeplink_section,Configuração de link profundo
dyn_link_key_label,Chave de link dinâmico
dyn_link_url_label,URL de ligação dinâmica
dyn_link_package_name_label,Nome do pacote de link dinâmico
dyn_link_domain_label,Domínio de ligação dinâmica
dyn_link_deep_url_label,URL de link direto
prd_dynamic_link_label,Product Dynamic Link
dyn_link_package_name_ios,ligando o nome do pacote IOS dinâmica
dyn_link_ios_appstore_id,Dinâmica Linking IOS AppStore Id
prd_image,Imagem do Produto
key_and_user_not_match,Chave e do usuário não são correspondidos.
user_not_permission,Você não tem permissão para este módulo.
user_not_action,Você não tem acesso a fazer esta ação.
not_login_access,Você não tem acesso ao login.
deliver_distance_label,Distância de entrega
deli_charges_label,Taxas de entrega por milha
fixed_deli_fee_label,Taxa de entrega fixa
deliver_unit_label,Unidade de entrega
is_area_label,Área
not_calculate_deli_fee,Não vai calcular a taxa de entrega.
deli_fee_by_distance_label,Taxa de entrega por distância
deli_fee_formula,Fórmula: (distância entre cliente e loja) x (encargos - por 1 milha)
fixed_delivery_label,Entrega fixa
fixed_delivery_fee,Taxa de entrega gratuita
free_delivery_label,Entrega grátis
monday_label,Segunda-feira
tuesday_label,terça
wednesday_label,quarta-feira
thursday_label,quinta-feira
friday_label,sexta-feira
saturday_label,sábado
sunday_label,Domigo
err_monday,"Por favor, forneça segunda hora."
err_tuesday,"Por favor, forneça uma hora de terça-feira."
err_wednesday,"Por favor, forneça quarta hora."
err_thursday,"Por favor, forneça quinta-feira hora."
err_friday,"Por favor, forneça a sexta hora."
err_saturday,"Por favor, forneça a hora de sábado."
err_sunday,"Por favor, forneça a hora do domingo."
invalid_monday,Segunda-feira hora próxima é inválida.
invalid_tuesday,Terça-feira próxima hora é inválida.
invalid_wednesday,"Quarta-feira, hora próxima é inválida."
invalid_thursday,Quinta-feira hora próxima é inválida.
invalid_friday,Sexta-feira hora próxima é inválida.
invalid_saturday,Sábado perto da hora é inválido.
invalid_sunday,Domingo perto da hora é inválido.
cannot_order_food,Você está longe da loja.
shop_schedule_label,Calendário de loja
is_refundable_label,É reembolsável em? (Se um pedido pode reembolsar ao usuário neste status de transação).
cannot_refund_stage,A ordem não pode reembolsar neste status de transação.
cannot_refund_payment,Não pode reembolsar para este método de pagamento.
order_refund_subject,Seu pedido foi reembolsado.
already_refunded,Seu pedido já reembolsou.
refunded_orders_search,Pedidos reembolsados ​​Pesquisa
stripe_refund_failed,O reembolso da listra falhou.
order_refund_info,O pedido é reembolsado com as seguintes informações.
refunded_amount,Quantidade reembolsada
refund_orders_module,Pedidos reembolsados
paypal_refund_failed,O reembolso do PayPal falhou.
paypal_client_id_label,ID do cliente PayPal.
paypal_secret_key_label,Chave secreta do PayPal.
transaction_refresh_section,Página de transação e configuração de atualização de som NOTI
transaction_page_time_label,Página de transação Auto Refrescante Tempo
transaction_sound_time_label,Transação Noti Som Som tempo refrescante
buyer_name,Nome do comprador
payment_method,Forma de pagamento
payment_status,Status do pagamento
already_rating_deliboy,Você já avaliou para este menino.
overall_rating,Avaliação geral
deliboy_rating_log_module,Entrega Boy Rating Logs
deliboy_list_label,Todos os meninos de entrega
not_final_stage,Você não pode avaliar agora porque seu pedido não é atingido final ainda.
not_yet_assigned_deliboy,Entrega que ainda não atribuiu o pedido.
deli_boy_not_existed,O entregador não existiu no sistema.
deli_boy_banned,O entregador foi banido por admin.
rating_by_how_many_people,Classificação por quantas pessoas
review_label,Análise
joined_date,Data juntada
delete_trans_label,Excluir transação?
trans_yes_all_message,Você tem certeza de excluir esta transação?
success_trans_delete,A transação foi excluída com sucesso
minimum_order_cannot_zero,O pedido mínimo de alimentos não pode ser zero.
maximum_order_cannot_zero,A ordem máxima de alimentos não pode ser zero.
err_user_email_blank,"Por favor, forneça o email do usuário."
best_choice,Melhor escolha
best_choice_add,Adicionar melhor escolha
best_choice_name,Melhor nome de escolha
success_best_choice_delete,A melhor escolha foi excluída com sucesso.
success_best_choice_edit,A melhor escolha foi atualizada com sucesso.
success_best_choice_add,A melhor escolha foi adicionada com sucesso.
delete_best_choice_label,Excluir melhor escolha?
best_choice_delete_confirm_message,Você tem certeza de excluir esta melhor escolha?
err_best_choice_name,"Por favor, forneça o melhor nome de escolha"
err_best_choice_len,O comprimento do nome da coleta deve ser maior que 4
err_best_choice_exist,Este nome de melhor escolha já existe.
best_choice_photo,Melhor foto de escolha
price_cannot_zero,O preço não pode ser zero.
err_price_blank,"Por favor, forneça preço"
err_coupon_code_blank,"Por favor, forneça o código de cupom"
err_coupon_code_len,O comprimento do código de cupom deve ser maior que 4
err_coupon_amount_blank,"Por favor, forneça o valor do cupom"
err_coupon_amount_len,O comprimento da quantidade de cupom deve ser maior que 2
coupon_amount_cannot_zero,Quantidade de cupom não pode ser zero
err_shp_price_blank,"Por favor, forneça a área de transporte Price"
dis_cannot_zero,Por cento de desconto não pode ser zero
err_price,"Por favor, forneça um preço personalizado"
cus_price_cannot_zero,O preço personalizado não pode ser zero
err_curr_sym,"Por favor, forneça símbolo de moeda"
err_curr_short,"Por favor, forneça uma forma curta de moeda"
delete_branch_label,Eliminar sucursal del restaurante?
branch_delete_confirm_message,Você tem certeza de excluir este ramo de restaurante?
success_sys_user_delete,O usuário do sistema foi excluído com sucesso
best_choice_info,Melhor informação de escolha
noti_sent_fail,NOTI enviado falha
select_csv_file,Selecione o arquivo CSV.
pls_upload_csv,"Por favor, forneça o arquivo CSV"
err_icon_missing,Nenhum arquivo é carregado
csv_upload_instruction_1,"Por favor, siga as etapas abaixo: <br> 1. Carregar imagens para carregar a pasta manualmente via FTP. <br> 2. Em seguida, prepare-se como formato CSV. Amostra aqui:"
csv_file_sample_link,"<a href=""https://bit.ly/3G4MvHj"" target=""_blank"">https://bit.ly/3G4MvHj</a> "
csv_upload_instruction_2,<br> 3. Você pode usar o Google Folha para criar e exportar como separador de vírgulas.
flutter_wave_label,[Opção 7]: Pagamento com onda de flutter
flutter_wave_publishable_key,Chave pública de onda de flutter
flutter_wave_encryption_key,Chave de criptografia de onda de flutter
flutter_wave_enable_label,O pagamento da onda de flutter está habilitado?
search_keyword_section,Pesquisa por configuração de palavra-chave
search_in_shop,Pesquisa na loja
search_in_category,Pesquisar na categoria.
search_in_product,Pesquisar em Produto
search_in_shop_limit,Pesquisar no limite da loja
search_in_category_limit,Pesquisar no limite de categoria
search_in_product_limit,Pesquisar no limite do produto
success_user_sch_delete,A programação do usuário foi excluída com sucesso.
err_delete_sch_detail,Há um erro ao excluir o detalhe do agendamento do usuário.
err_delete_sch,Há um erro ao excluir a programação do usuário.
schedule_orders_module,Agendar pedidos
search_in_subcategory,Pesquise na subcategoria
search_in_subcategory_limit,Pesquisar no limite da subcategoria
checkout_with_whatsapp,Checkout com whatsapp
checkout_with_email,Checkout com fluxo normal de transação
one_page_checkout,Uma página checkout
multi_page_checkout,Checkout de página múltipla
err_choice_one,Por favor escolha um 'checkout de uma página' ou 'checkout de várias páginas'
checkout_with_whatsapp_des,O usuário fará o pedido do WhatsApp. Os dados de transação não serão armazenados no backend.
checkout_with_email_des,Fluxo de transação padrão.
one_page_checkout_des,Ele mostrará um checkout simples de tela. É para facilitar o checkout.
multi_page_checkout_des,"Ele mostrará o check-out da base. Então, o usuário verá várias tela quando checkout."
deliboy_cost_setting,Configuração de custo de entrega
deliboy_ass_setting,Configuração de atribuição de entrega
deli_auto_assign,Auto designado para entrega
deli_manual_assign,Manual atribuído a entrega
how_many_deli_to_broadcast,Quantos garotos de entrega para transmitir
mobile_setting_module,Configuração móvel
price_format,Formato de preço
price_format_desc,"Você precisa alterar de acordo com o formato que você precisa (por exemplo, "",##0.00"" => 2.555,00, ""##0.00"" => 2555,00 ,"".00"" => 2555,00, "",##0"" => 2.555, "",##0,0"" => 2.555,0)"
date_format,Formato de data
google_playstore_url,URL da Google Play Store
apple_appstore_url,URL da Apple App Store
ios_appstore_id,ID da loja de aplicativos IOS
default_order_time,Tempo padrão do pedido (minutos)
fb_key,Chave do Facebook
is_show_token_id,"ID do token ativado? (Se esta configuração estiver ""Ativada"", o usuário poderá visualizar o ID do token na configuração de notificação.)"
is_show_subcategory,"Subcategoria ativada? (Se esta configuração for ""On"", a subcategoria pode ser usada no aplicativo.)"
is_use_thumbnail_as_placeholder,"Usar miniatura como configuração de espaço reservado ativado? (Se esta configuração estiver ""Ligada"", ela carregará a imagem em miniatura primeiro e depois carregará a imagem completa. Ou se essa configuração estiver ""Desativada"", ela carregará a imagem completa diretamente e para a imagem de espaço reservado será usada a imagem de espaço reservado padrão.)"
admob_section,Configuração da AdMob
is_show_admob,"Configuração da AdMob ativada? (Se esta configuração estiver ""Ligada"", o aplicativo exibirá anúncios.)"
lang_section,Configuração de idioma
default_language,Idioma padrão
exclude_language,idiomas disponíveis
exclude_lang_desc,"(Se o idioma estiver ""Ligado"", o usuário poderá usar esse idioma no aplicativo.)"
default_currency_section,Default Currency Configuration
default_razor_currency,Moeda padrão da navalha
is_razor_support_multi_currency,"Razor Support Multi-Moeda Ativado? (Se esta configuração estiver ""Ligada"", você pode aceitar o pagamento com lâmina em várias moedas no aplicativo.)"
default_flutter_wave_currency,Moeda padrão do Flutterwave
login_section,Configuração de login
show_facebook_login,"Login do Facebook ativado? (Se esta configuração estiver ""Ligada"", os usuários podem estar logados com o Facebook.)"
show_google_login,"Login do Google ativado? (Se esta configuração estiver ""Ativada"", os usuários poderão fazer login com o Google.)"
show_phone_login,"Telefone Login Ligado? (Se esta configuração estiver ""Ligada"", os usuários poderão fazer login com um número de telefone.)"
show_main_menu,"Menu principal ativado? (Se esta configuração estiver ""Ligada"", o usuário poderá visualizar a guia ""Menu Principal"" em cada loja.)"
show_special_collections,"Coleções especiais em? (Se esta configuração estiver ""Ativada"", o usuário poderá visualizar a guia ""Ofertas especiais"" em cada loja.)"
show_featured_items,"Itens em destaque ativado? (Se esta configuração estiver ""Ligada"", o usuário poderá visualizar os ""Itens em destaque"" em cada loja.)"
show_best_choice_slider,"Melhor controle deslizante de escolha? (Se esta configuração estiver ""Ativada"" quando o usuário abrir o aplicativo, o usuário poderá visualizar as coleções de melhor escolha com a visualização do controle deslizante.)"
default_loading_limit,Limite de carregamento padrão
category_loading_limit,Limite de carregamento de categoria
collection_product_loading_limit,Limite de carregamento do produto da coleção
discount_product_loading_limit,Limite de carregamento do produto com desconto
feature_product_loading_limie,Limite de carregamento do produto em destaque
latest_product_loading_limit,Limite de carregamento do produto mais recente
shop_loading_limit,Limite de carregamento da loja
trending_product_loading_limit,Limite de carregamento de produtos em alta
default_limit_section,Configuração de limite padrão
dasboard_section,Configuração do painel
date_format_desc,"dd para o dia, MM para o mês, yyyy para o ano, hh para a hora, mm para o minuto, ss para o segundo (por exemplo, dd-MM-aaaa hh:mm:ss)"
app_config_info_lable,Informações de configuração do celular
loc_section,Configuração do local
success_mobile_edit,A configuração do celular foi atualizada com sucesso.
success_mobile_add,A configuração do celular foi adicionada com sucesso.
err_default_lang,Forneça o idioma padrão.
err_default_loading_limit_zero,O limite de carregamento padrão não pode ser zero.
err_default_loading_limit,Forneça o limite de carregamento padrão.
err_category_loading_limit,Forneça o limite de carregamento da categoria.
err_category_loading_limit_zero,O limite de carregamento da categoria não pode ser zero.
err_collection_product_loading_limit,Forneça o limite de carregamento do produto da coleção.
err_collection_product_loading_limit_zero,O limite de carregamento do produto da coleção não pode ser zero.
err_discount_product_loading_limit,Forneça o limite de carregamento do produto com desconto.
err_discount_product_loading_limit_zero,O limite de carregamento do produto com desconto não pode ser zero.
err_feature_product_loading_limit,Forneça o limite de carregamento do produto em destaque.
err_feature_product_loading_limit_zero,O limite de carregamento do produto em destaque não pode ser zero.
err_latest_product_loading_limit,Forneça o limite de carregamento do produto mais recente.
err_latest_product_loading_limit_zero,O limite de carregamento do produto mais recente não pode ser zero.
err_shop_loading_limit,Forneça o limite de carregamento da loja.
err_shop_loading_limit_zero,O limite de carregamento da loja não pode ser zero.
err_trending_product_loading_limit,Forneça o limite de carregamento de produtos de tendência.
err_trending_product_loading_limit_zero,O limite de carregamento do produto em tendência não pode ser zero.
err_default_order_time,Forneça o horário padrão do pedido.
err_default_order_time_zero,O tempo padrão do pedido (minutos) não pode ser zero.
err_google_playstore_url,Forneça o URL da Google Play Store.
err_apple_appstore_url,Forneça o URL da loja de aplicativos da Apple.
err_ios_appstore_id,Forneça o ID da loja de aplicativos ios.
err_price_format,Forneça o formato do preço.
err_date_format,Forneça o formato de data.
err_fb_key,"Por favor, forneça a chave do Facebook."
default_lang_select,Selecione o idioma padrão
route_name_label,Nome da rota
deliboy_label,Entregador
total_amount_label,Valor total
added_date_label,Data adicionada
send_with_this_route,Enviar com esta rota
add_route_label,Adicionar rota do pedido
btn_send,Mandar
note_label,Observação
order_route_info_label,Informações da rota do pedido
order_route_add,Adicionar rota do pedido
btn_proceed,Continuar
btn_paused,Pausado
sch_detail,Detalhe dos pedidos de agendamento
go_route_to_deliver_order_label,Ir Rotas para Entregar
btn_deliver,Entregar
schedule_payment_method,Forma de pagamento
schedule_memo,Memorando
schedule_delivery_pickup_date,Data de Coleta de Entrega
schedule_delivery_pickup_time,Horário de coleta de entrega
schedule_day,Agendar dia
schedule_time,Hora agendada
shcedule_detail,Detalhe do pedido de agendamento
schedule_orders_search,Agendar pesquisa de pedidos
about_location_section,Sobre a seção de localização
success_route_edit,A ordem da rota foi atualizada com sucesso.
success_route_add,A ordem de rota foi criada com sucesso.
please_select_order,Por favor selecione a ordem
proceed_label,Continuar
paused_label,Pausado
route_order_search,Pesquisa de rotas de pedidos
order_route_add,Adicionar rota do pedido
route_edit,Editar rota do pedido
success_qty_edit,A quantidade foi atualizada com sucesso.
err_qty_edit,A atualização de quantidade tem alguns erros.
order_route_sch_detail,Detalhe das rotas do pedido
success_route_delete,A ordem de rota foi excluída com sucesso.
success_route_order_send,A ordem de rota foi enviada com sucesso com esta rota.
paused_all_route,Todos os pedidos programados estão pausados ​​ou não há pedidos nesta rota.
delete_order_route_label,Excluir ordem de rota?
order_route_yes_all_message,"Ao excluir esta rota, também excluirá todos os dados relacionados. Então, você ainda deseja excluí-lo?"
send_order_route_label,Enviar Ordem de Rota?
send_order_route_message,"Ao enviar esta rota, todos os pedidos agendados nesta rota serão salvos como transações com status de retirada para entrega."
delete_schedule_order_label,Excluir pedido de agendamento?
schedule_order_yes_all_message,"Ao excluir este pedido de agendamento, ele também excluirá os detalhes do pedido relacionado. Então, você quer excluí-lo?"
delivery_boy_label,Entregador
schedule_status_label,Status
deliver_to_user,Entregar ao usuário
btn_delivered,Entregue
delivered_to_user,Entregue
go_back_sch_order,Voltar para Agendar Pedidos
prd_not_available,O produto não está disponível.
success_location_update,A localização foi atualizada com sucesso.
not_deliboy,Você não é um entregador.
success_accept_order,Este pedido foi aceito.
already_deliboy_assigned,Este pedido já foi aceito por outros entregadores.
btn_accept,Aceitar
btn_reject,Rejeitar
btn_detail,Detalhe
accept_order_label,Aceitar pedido
reject_order_label,Rejeitar pedido
order_detail_label,Detalhe do pedido
delivery_boy_name_label,Nome de entrega
delivery_phone_label,Telefone de entrega
new_orders,Novas ordens
ongoing_orders,Pedidos em andamento
order_status_label,Status do pedido
btn_retrigger,Reativar
retrigger_label,Reativar
assign_to_delivery_boy_label,Atribuir ao entregador
btn_assign_to_deliboy,Atribuir ao entregador
new_order_detail,Detalhe do novo pedido
ongoing_order_detail,Detalhe do pedido em andamento
assign_deliboy,Atribuir entregador
new_order_to_detail,Novo pedido para entregar
reccord_not_found,"Desculpe, registro não encontrado."
record_not_pagination,"Desculpe, não há mais registro no sistema."
err_title,"Por favor, preencha o título."
err_len_title,O comprimento do título deve ser maior que 4.
enter_shop_name,Digite o nome da loja
pls_prd_desc,Por favor Descrição do produto
from,A partir de
to,Para
about_app,Sobre o aplicativo
api_setting,Configuração da API
push_noti,Notificação push
have_order_deliver,Você tem a ordem para entregar.
reservation_status_change,O status da reserva foi alterado para
payment_cur_status,O status do pagamento do seu pedido é
order_status_changed_to,O status do pedido foi alterado para
delivery_cur_status,O status de entrega do seu pedido é
fail_push_noti,Falha ao enviar notificação.
fail_push_all_android,Falha ao enviar todos os dispositivos Android.
because_db_err,devido a um erro de banco de dados.
because_miss_cat,por causa da categoria ausente.
because_miss_cat_thumb_upload,por causa da imagem de categoria ausente na pasta 'uploads/thumbnail'.
because_miss_cat_upload,por causa da imagem de categoria ausente na pasta 'uploads'.
because_miss_cat_name,por causa do nome da categoria ausente.
total_cat,Categoria Total:
success_cat,Categoria de sucesso:
fail_cat,Categoria com falha:
required_platform,Plataforma obrigatória
required_user_id,ID de usuário obrigatório
res_send_email_to_user_shop,A reserva foi enviada com sucesso. Email enviado com sucesso para Usuário e Loja.
res_not_send_email_to_shop,A reserva foi enviada com sucesso. O e-mail não pode ser enviado para a Loja.
res_not_send_email_to_user,A reserva foi enviada com sucesso. O e-mail não pode ser enviado ao usuário.
res_not_send_email_to_user_shop,A reserva foi enviada com sucesso. O e-mail não pode ser enviado ao usuário e à loja
reservation_submit_error,O envio da reserva contém erros.
cust_info,Informação ao Cliente
cust_loc,Localização do cliente
invoice_label,Fatura
account_label,Conta
id_label,identificação
color_label,Cor
err_key,"Por favor, preencha a chave."
err_len_key,O comprimento da chave deve ser maior que 4.
remove_label,Remover
org_img_size,Tamanho da imagem original
thumb_img_size,Tamanho da imagem da miniatura
demo_dummy_refresh_hour,"Esteja ciente de que o back-end é um modo de demonstração, portanto, todos esses dados fictícios serão atualizados a cada hora."
sys_err_occur_admin,Ocorreu um erro de sistema. Entre em contato com o administrador do sistema.
form_data_submit_server,Os dados do formulário são enviados ao servidor
selected_row_data,Dados de linhas selecionadas
err_push_msg,"Por favor, preencha a mensagem push."
err_len_push_msg,O comprimento da mensagem deve ser maior que 1.
start_upload,Iniciar envio
cancel_upload,Cancelar upload
add_files,Adicionar arquivos
btn_start,Começar
processing_label,Em processamento
btn_default,Predefinição
approved_label,Aprovado
rejected_label,Rejeitado
select_label,Selecionar
reject_label,Rejeitar
pending_label,Pendente
all_label,Todo
err_image,"Por favor, preencha a foto de upload."
f_err_paypal_trans,A transação do Paypal falhou.
active_orders_label,Pedidos ativos
back_to_shop_list,Voltar à lista de compras
err_reservation_date,"Por favor, preencha a data da reserva."
payment_setting,Configuração de pagamento
order_setting,Configuração do pedido
delivery_setting,Configuração de entrega
checkout_setting,Configuração de checkout
policy_and_terms,Política e Termos
sending_email_setting,Configuração de envio de e-mail (para SMTP)
tax_label,Imposto
currency_setting,Configuração de moeda
low_label,Baixo
medium_label,Médio
high_label,Alto
coupon_module,Cupom
usr_shop_module,Loja do usuário
news_feed_module,Notícias
prd_dis_module,Produtos e descontos
prd_collect_module,Produtos e coleções
shipping_method_module,Métodos de Envio
watch_list,Lista de Observação
go_to_dashboard,Ir para a dashboard
frontend_config_label,Informações do Frontend Config.
map_key,Chave do mapa
enable_notification,Ativar notificação?
fcm_server_key,Chave do servidor FCM.
firebase_web_push_key_pair,Firebase Web Push Key Par
ad_client,Cliente do anúncio
ad_slot,Slot de anúncios
copy_right,Direito autoral
google_play_url,Google Play Url.
app_store_url,URL da App Store.
google_setting,Setting do Google.
app_store_setting,Configuração da App Store.
banner_src,Banner src.
google_map,Google Map
open_street_map,Mapa de rua aberto
image_limit,Limite de imagem.
success_frontend_edit,O Frontend Config foi atualizado com sucesso.
success_frontend_add,Frontend config foi adicionado com sucesso.
show_user_profile,Mostrar perfil de usuário?
is_enable_video_setting,É ativar a configuração de vídeo?
err_map,"Por favor, forneça a chave do mapa"
err_price_format,"Por favor, forneça formato de preço"
err_fcm_server_key,"Por favor, forneça a chave do servidor FCM"
err_firebase_web_push_key_pair,"Por favor, forneça par Keybase Web Push Key"
err_ad_client,"Por favor, forneça um cliente publicitário"
err_copy_right,"Por favor, forneça cópia direita"
err_google_play_url,"Por favor, forneça o URL do Google Play"
err_ad_slot,"Por favor, forneça slot para anúncios"
err_app_store_url,"Por favor, forneça URL da App Store"
err_banner_src,"Por favor, forneça banner src"
frontend_setting_module,Configuração do front -end
gps_enable,Ativar GPS é?
noti_sent_success,Noti foi enviada com sucesso para
btn_create_thumbnail,Gerador de miniaturas (1x2x3x)
generate_thumbnail_label,Ele irá gerar as imagens em miniatura para cada item. Observe que esse processo levará algum tempo com base em seus dados.
thumbnail_generators_lng,Gerador de miniaturas
thumbnail_generators_module,Geradores de miniaturas
success_img_create,A imagem em miniatura foi gerada com sucesso.
create_thumb3x_folder,"Por favor, crie a pasta ""thumbnail3x"" na pasta de upload."
create_thumb2x_folder,"Por favor, crie a pasta ""thumbnail2x"" na pasta de upload."
thumb_2x_label,Miniatura 2x Tamanho da Imagem
thumb_3x_label,Miniatura 3x Tamanho da Imagem
success_deliboy_delete,O entregador foi excluído com sucesso.
not_deli_boy,Não é conta de entregador.
invalid_user_id,Usuário Inválido.
success_user_delete,O usuário foi excluído com sucesso.
not_user,Este usuário não é um usuário registrado.
deleted_user,(Este usuário foi excluído.)
deleted_deliboy,(Este entregador foi excluído.)
deliboy_trans_deleted,(O entregador desta transação foi excluído.)
shop_deliver_around,Esta loja entregando por aí
of_label,do